:100A00000C946E060C9493740C9493740C949374DD
:100A10000C94BE560C949A610C9493740C94BF631E
:100A20000C9496630C94A14C0C9493740C94937452
:100A30000C9493740C9493740C9493740C9493741A
:100A40000C9493740C9493740C9493740C940165AB
:100A50000C9428650C94345E0C946C4F0C941C62BE
:100A60000C94435C0C9493740C9493740C94937452
:100A70000C9493740C9493740C9493740C94DB52B4
:100A80000C9484580C94C258711471149D149D14C4
:100A900071149D149D149D149D149D149D149D14FA
:100AA0009D149D149D149D149D149D149D149D14BE
:100AB0009D149D149D1471149D14EE129D149D148B
:100AC0009D149D149D149D149D149D149D14AD138F
:100AD000E3139D149D14E313E313E313E313E313F0
:100AE000E313E313E313E313E313A8139D149D141B
:100AF0009D149D149D149D149D149D149D149D146E
:100B00009D149D149D149D149D149D149D149D145D
:100B10009D149D149D149D149D149D149D149D144D
:100B20009D149D149D149D149D149D144C129D1490
:100B30009B129D149D149D149D149D149D149D1431
:100B40009D14E3139D149D149D149D149D149D14D8
:100B50009D14E3139D149D149D149D149D14E31383
:100B60009D149D149D149D149D149D144C129D1450
:100B70009B128413821582158215821582158215A7
:100B800082158215821582158215821584138215AD
:100B9000821582158215821582158215821582159D
:100BA000821582158215821582158215821582158D
:100BB000821582158215821582158215821582157D
:100BC000821582158215821582158215821582156D
:100BD000821582158215821582158215821582155D
:100BE000821582158215841382158215821582154D
:100BF000821584138215821582158413821582153D
:100C0000821582158215821582158413821582152C
:100C100082158413821584135213F563F8630F64ED
:100C2000FB630F64FE6303640F6406640964600081
:100C300074C88074C8757400E9687574765D8076D0
:100C40005D768D00EA14768D76EB8076EB77010089
:100C5000EA447701773D80773D774F00EA5A774F36
:100C6000775D80775D777300EA6C7773778C807738
:100C70008C77A900EA8277A977C98077C977D300F2
:100C8000EA9F77D37839807839783D00EAA9783DB2
:100C90007858807858785900194178597860807868
:100CA00060786100EAAD7861786480786478650086
:100CB000EAAE78657869807869786A00EAAF786A20
:100CC000786C80786C786D00EAB0786D786F807899
:100CD0006F787000EAB178707875800080910110AB
:100CE0008F7C8060806898ED94BF80930110112400
:100CF0001FBECFEFCDBFDFE7DEBFEEE2FCE04CE092
:100D000017C0B591A59135912591059107FD0CC0AE
:100D100095918591EF01F92FE82F05900D92A2177B
:100D2000B307D9F7FE0104C01D92A217B307E1F77C
:100D3000EB3DF40731F70E94C6330C94BA71F89476
:020D4000FFCFE3
:100D4200656E61626C656400696E74657276616C71
:100D52000073746172745F74730061006200636F88
:100D62006E6E6563746564002530366C5800646588
:100D7200766963655F6964006E616D6500646174C4
:100D8200615F636F756E7400646576696365004DBB
:100D92002D4C6F67676572006669726D7761726567
:100DA2005F76657273696F6E00342E302E3000707C
:100DB200726F746F636F6C5F76657273696F6E00CA
:100DC20068617264776172655F6964006C6F6767FE
:100DD200696E6700766F6C746167655F6D76006C33
:100DE2006F775F62617474657279006D697373699C
:100DF2006E6720706172616D7300696E76616C69F5
:100E0200645F706172616D73006D697373696E679F
:100E1200206F7220696E76616C696420276E616D45
:100E22006527006E616D65206D6178203230206328
:100E320068617273006F75745F6F665F72616E676F
:100E420065007473006D697373696E67206F722039
:100E5200696E76616C69642027747327007473204D
:100E62006D75737420626520323032362D30312D2B
:100E72003031206F72206C6174657200737461721C
:100E8200745F7473206D757374206265206E756D66
:100E920062657200696E74657276616C206D75733D
:100EA2007420626520302D393939393900656E6117
:100EB200626C6564206D75737420626520626F6F69
:100EC2006C65616E0073656E736F722076616C750E
:100ED20065206D757374206265206F626A65637444
:100EE20000276127206D757374206265206E756D11
:100EF20062657200276127206F7574206F66207209
:100F0200616E676500276227206D757374206265C4
:100F1200206E756D62657200276227206F757420DE
:100F22006F662072616E6765007472616E73706FB6
:100F3200727473006D697373696E67206F722069D2
:100F42006E76616C696420277472616E73706F7261
:100F5200747327007A6967626565007472616E73E3
:100F6200706F7274732E7A6967626565206D75732E
:100F72007420626520626F6F6C00626C650074722F
:100F8200616E73706F7274732E626C65206D75730F
:100F92007420626520626F6F6C00666C617368001A
:100FA2007472616E73706F7274732E666C617368A3
:100FB200206D75737420626520626F6F6C007573AB
:100FC20062007472616E73706F7274732E757362E5
:100FD200206D75737420626520626F6F6C006D6F97
:100FE2006465006D6F6465206D75737420626520A1
:100FF200737472696E67006175746F5F7265737482
:10100200617274006F6E6365006D6F6465206D754B
:10101200737420626520276F6E636527206F7220CC
:10102200276175746F5F7265737461727427006EE5
:101032006F207472616E73706F72742073656C6569
:10104200637465640064756D7020696E2070726FE0
:10105200677265737300627573790063616C6C20EB
:101062007365745F74696D65206265666F72652071
:1010720073746172745F6C6F6767696E6700727414
:10108200635F756E7365740073746F70206C6F6745
:1010920067696E67206F722064756D702062656685
:1010A2006F726520636C6561720065726173655F62
:1010B200666C617368206973205553422D43444323
:1010C200206F6E6C7900756E737570706F727465D7
:1010D200645F7472616E73706F7274006C6F6767B5
:1010E200696E6720696E2070726F67726573730034
:1010F200666C61736820646964206E6F742066692F
:101102006E69736820636869702065726173650037
:1011120065726173655F74696D656F757400737470
:101122006F70206C6F6767696E67206265666F72A9
:10113200652063616C6962726174696F6E006D69CA
:101142007373696E67206F7220696E76616C696471
:1011520020276D6F64652700666F726365640066A1
:101162006163746F7279007265736574006D6F6488
:1011720065206D7573742062652027666F726365E2
:1011820064272C2027666163746F7279272C206F85
:1011920072202772657365742700746172676574C3
:1011A2005F70706D006D697373696E67206F722076
:1011B200696E76616C696420277461726765745F19
:1011C20070706D27007461726765745F70706D2056
:1011D2006D757374206265203330302D35303030B8
:1011E20000636F756E74007265636F72645F73691A
:1011F2007A6500666F726D6174003C4249424968CB
:1012020068484848483E0073746F70206C6F676787
:10121200696E67206265666F72652064756D700025
:1012220066726F6D006C696D69740074685F7072CC
:101232006F62650076656C6F636974795F70726F57
:10124200626500534800534C0053482F534C2071A1
:1012520075657279206661696C656400786265659E
:101262005F6E6F5F726573706F6E736500565200CA
:1012720025303258253032582530325825303258F0
:1012820025303258253032582530325825303258E0
:1012920000786265655F6D616300253032580078C1
:1012A2006265655F667700424C00626C655F6D61E6
:1012B200630049440070616E5F69640041500061DF
:1012C2007000534D00736D0042440062640042544A
:1012D2000062740043450063650068616E670073D5
:1012E2007461636B5F667265655F6D696E007265DE
:1012F2007365745F666C616773007A625F74785FAE
:10130200737461747573007A625F74785F66616981
:101312006C007A625F74785F6C6173745F66616996
:101322006C0073697A65006461746100745F647251
:10133200790068756D696469747900745F676C62BD
:1013420000696C6C756D696E616E63650076656CC3
:0E1352006F636974790067656E6572616C0087
:101360002B2B2B004F4B00535000534E0043450096
:10137000534D004254004435004249005752006129
:101380007473700D003634006174737036340D0060
:101390006174736E0D0033363030006174736E33D8
:1013A0003630300D00617463650D00300061746388
:1013B00065300D006174736D0D0031006174736DE3
:1013C000310D00617464350D0061746435340D00B5
:1013D000617462740D0061742453323835313334D2
:1013E00039370D0061742456363536373639344274
:1013F0003043413941444345443844354232423018
:10140000303135373138443145323633374238366A
:101410004533453137384530323939333641303745
:1014200038393236433242300D0061742457323538
:101430003946363833334531453139333245343422
:1014400038354634383836354642364237364543E5
:1014500036453834374137323732433737413843EE
:1014600032374444374446393445343444430D001C
:10147000617424584139394136453339333746424E
:101480004238443035424242344534413843344393
:1014900042323231433134443135434430303431D7
:1014A000333943373742364645304338414632397F
:1014B000333244380D0061742459364434343131A8
:1014C0004435303746433532414644353837374462
:1014D000364538353239414545374642393331464C
:1014E0003130393434424330443035384642323476
:1014F000364430444530373144420D0061746274E3
:10150000310D00617462690D0061746269000D0043
:10151000617461700D0061746170310D00617477E8
:0C152000720D0046520043420041490099
:10152C0068656C6C6F004A534F4E20706172736526
:10153C00206661696C6564206F72206E6F74206127
:10154C006E206F626A65637400696E76616C6964A3
:10155C005F706172616D73006D616C666F726D6549
:10156C0064206F626A65637400696400636F6D6DFB
:10157C00616E64006D697373696E67206F722069A8
:10158C006E76616C69642027636F6D6D616E642784
:10159C0000706172616D730027706172616D7327E9
:1015AC00206D75737420626520616E206F626A65B0
:1015BC006374006E6F2068616E646C657220666F78
:1015CC0072207468697320636F6D6D616E64007551
:1015DC006E6B6E6F776E5F636F6D6D616E640067BF
:1015EC0065745F62617474657279007365745F6EA3
:1015FC00616D65007365745F74696D650067657412
:10160C005F73657474696E6773007365745F73657B
:10161C007474696E6773006765745F636F7272656B
:10162C006374696F6E007365745F636F7272656368
:10163C0074696F6E0073746172745F6C6F67676945
:10164C006E670073746F705F6C6F6767696E6700AD
:10165C00636C6561725F646174610065726173656E
:10166C005F666C6173680063616C6962726174655A
:10167C005F636F32006765745F636F756E740064CF
:10168C00756D70006563686F006765745F70726F6D
:10169C0062655F696E666F006765745F726164692D
:1016AC006F5F696E666F006765745F646961670080
:1016BC0076006576656E7400747300646174610005
:1016CC00736D70007400680067007676006C0063C0
:1016DC0000777500646300636F325F63616C6962ED
:1016EC00726174696F6E5F70726F6772657373008D
:1016FC0072656D61696E696E675F73007374617496
:10170C006500636F7272656374696F6E5F70706D84
:10171C000063757272656E745F70706D0064756DC8
:10172C00705F656E640073656E74007265616479D8
:10173C0000757074696D655F73006C6F6767696EB7
:10174C0067006E616D650074696D655F73796E63BA
:10175C005F726571756573740077696E646F775F1E
:02176C00730008
:10176E002E938F769376CDCC4C3F9A99993F00006D
:10177E0040C000004040349397769B76CDCC4C3FD2
:10178E009A99993F0AD71FC10AD71F413D939F7659
:10179E00A376CDCC4C3F9A99993F000040C00000F3
:1017AE0040404393A776AB76CDCC4C3F9A99993F68
:1017BE0000C079C400C079444F93AF76B376CDCCD8
:0E17CE004C3F9A99993F000000BF0000003F79
:1017DC0001000000803F000000000000803F00007E
:1017EC0000000000803F000000000000803F00006F
:1017FC0000000000803F000000000001000001011B
:10180C00010100000000013C0000003C0000003C15
:10181C000000003C0000000100000001000000017D
:10182C00000000010000003C0000000066EE5F00BC
:10183C002C95D637EB95FD4CF795053C0096323D33
:10184C0009964F7316968926239655733296F5276B
:10185C00419602254F966E6E5C9672626796E747CC
:10186C007396102F8196BE4E8B96852A90964F3983
:10187C009596305AA4963E29B396953800000000F0
:10188C005C75303000747275650066616C73650050
:10189C006E756C6C007600696400726573756C749F
:1018AC00006572726F7200636F6465006D657373AF
:0418BC0061676500FB
:1018C0004D4C6F676765725F30303030000000004C
:0518D000000000000013
:1018D50070617373006661696C006D656173757223
:0418E500696E6700C1
:1018E9000A73027245723166F651847461731A681B
:0218F90071700C
:1018FB00303132333435363738394142434445463B
:01190B0000DB
:10190C003031323334353637383941424344454629
:01191C0000CA
:10191D003031323334353637383941424344454618
:01192D0000B9
:09192E005893004F93014393020A
:031937002D242D2F
:03193A002D242D2C
:02193D0030C4B4
:01193F0002A5
:011940008224
:0119410001A4
:101942002F923F924F925F926F927F928F929F92CD
:10195200AF92BF92CF92DF92EF92FF920F931F93BB
:10196200CF93DF93CDB7DEB76E97CDBFDEBF0E94B8
:10197200586F6B017C0180912A7681110EC0809193
:10198200587690915976A0915A76B0915B76C816A6
:10199200D906EA06FB0608F422C5809155788F5FC6
:1019A200809355788530D8F0E6E6F4E082E08083D3
:1019B2002FEF32E547E0215030404040E1F700C0D0
:1019C2000000809365045FEB94EDA1E051509040DC
:1019D200A040E1F700C0000080831092557880910A
:1019E2002D768823D1F080913C7690913D76A0911E
:1019F2003E76B0913F764091DB765091DC766091F5
:101A0200DD767091DE76841B950BA60BB70B0A97D9
:101A1200A105B10514F40E94B26DFE01359686E16E
:101A2200DF011D928A95E9F780916F788D83CE82CE
:101A3200DF82E886F986E3EDF6E780859185A28567
:101A4200B3850196A11DB11D80879187A287B387B7
:101A520020912D76222309F472C040913C76509158
:101A62003D7660913E7670913F7684179507A60782
:101A7200B7070CF466C010861186128613860E9480
:101A8200BB7380917B77882341F160917577709168
:101A920076778091777790917877FE0131964F0132
:101AA2000F2EA12CF0E4BF2EFCE1CF2EF6E4DF2EA8
:101AB200F02D16E4E12E16EBF12E01ED10E420E0FC
:101AC20030E0A9010E94643B882339F089819A8120
:101AD2008D8B9E8B8A8580618A8780917A77882315
:101AE20049F080917377909174778F8B988F8A8564
:101AF20080628A8780917977882361F080914E781D
:101B0200823028F48F5F80934E78823040F01092BA
:101B12004F7805C010924E7881E080934F78809183
:101B22003C7690913D76A0913E76B0913F760A97B1
:101B3200A105B10540F00E941C6E01E005C000E065
:101B420003C000E001C001E0E3EDF6E7C080D18010
:101B5200E280F3802FEFC21AD20AE20AF20AC082AE
:101B6200D182E282F38244895589668977894F5FFF
:101B72005F4F6F4F7F4F448B558B668B778B848182
:101B82009581A681B7810196A11DB11D848395839C
:101B9200A683B78320912B76222381F011E0409017
:101BA2003476509035766090367670903776C414DD
:101BB200D504E604F7041CF410E001C010E0117033
:101BC20020913376222391F03091547831110EC056
:101BD200C0905476D0905576E0905676F090577635
:101BE2004C155D056E057F050CF0A9C330912C766E
:101BF200332379F0C0903876D0903976E0903A76F7
:101C0200F0903B768C159D05AE05BF052CF4612C3A
:101C120001C0612C80E002C0612C81E08170782ECD
:101C22002223C9F004C077247394662463948091BC
:101C32005478811110C08091547690915576A0917C
:101C42005676B0915776841B950BA60BB70B05976A
:101C5200A105B10514F080E001C081E0111107C0B7
:101C6200611005C0711003C0817009F4BDC18AE220
:101C720097E70E94B43A109251788091387788237E
:101C820061F080914D78823028F48F5F80934D7897
:101C9200823040F01092507805C010924D7881E069
:101CA200809350780E944F6790914B78963029F03C
:101CB200863019F491E090934C7880934B78F090B1
:101CC2003977FF2079F020E030E0A90160912A778E
:101CD20070912B7780912C7790912D770E942474AC
:101CE200811135C380913A77882379F020E030E082
:101CF200A90160912E7770912F7780913077909122
:101D020031770E942474811122C380913B7788230A
:101D1200E9F18091367790913777892B09F05CC38E
:101D220047C32091367730913777E8EBF6E7808D1D
:101D320090E044895589668977894A015B01820E60
:101D4200931EA11CB11CDC01AA0FBB1FA854B948E9
:101D52006D917C91119714012501261A370A4108C9
:101D62005108248A358A468A578A2D933C930196D4
:101D7200618D70E00E94BE6E982F808F828D8111DE
:101D820005C0911103C081E08093D276112309F43A
:101D920091C01092D3761092D4761092D57610928A
:101DA200D676FF2009F43FC080914C7881117BC028
:101DB2000DE816E720912A7730912B7740912C7706
:101DC20050912D77D80112966D917D918D919C91B4
:101DD20015970E946274F8012681378140855185EA
:101DE2000E9427739E012F5F3F4F49010F2EA12CA6
:101DF200B12CF8ECCF2EF2E4DF2EF02DE12CF12CF9
:101E020006EC12E420E030E040E252EC0E94643B37
:101E1200882309F4A4C289819A818F87988B8A8545
:101E220082608A879CC280913A778823F1F18091FF
:101E32004C7881113CC00DE816E720912E77309145
:101E42002F774091307750913177D8011A966D9162
:101E52007D918D919C911D970E946274F801268557
:101E62003785408951890E9427739E012F5F3F4F1A
:101E720049010F2EA12CB12CF8ECCF2EF2E4DF2E6B
:101E8200F02D8601750120E030E0A9010E94643B3B
:101E9200882379F089819A818B8B9C8B8A858860D3
:101EA2008A8701E007C001E005C001E003C001E04C
:101EB20001C001E0662009F44EC0E3EDF6E7148AA2
:101EC200158A168A178A80913B77882309F440C0C5
:101ED20080914C7881113EC08091D27681111AC0D6
:101EE2002091D076222359F1322F36958091CC76EB
:101EF2009091CD76A091CE76B091CF76BC01CD01F6
:101F0200630F711D811D911D30E040E050E00E9481
:101F1200B66717C0E8EBF6E7218D322F3695848934
:101F22009589A689B789BC01CD01630F711D811DF9
:101F3200911D30E040E050E00E94B66702C020E010
:101F420030E0298F3A8F8A8580648A8701E003C056
:101F520001E001C001E0772009F446C0E3EDF6E7B5
:101F6200148215821682178280913C77882309F4A5
:101F7200FCC10DE816E7209132773091337740911A
:101F8200347750913577D80152966D917D918D912C
:101F92009C9155970E946274F80126893789408D79
:101FA200518D0E9427739E012F5F3F4F49010F2ED3
:101FB200A12CB12CF8ECCF2EF2E4DF2EF02DE12C87
:101FC200F12C06EC12E420E030E040E252EC0E94F8
:101FD200643B882309F4C9C189819A81898B9A8BD0
:101FE2008A8584608A87C1C1E3EDF6E78485958599
:101FF200A685B7850196A11DB11D84879587A68701
:10200200B78720912E76222309F45CC04091407656
:10201200509141766091427670914376841795078C
:10202200A607B7070CF44EC0E3EDF6E71486158653
:1020320016861786CE014B960E94574A882309F4CA
:1020420044C02AE939E949E15FE36B8D7C8D8D8DCE
:102052009E8D0E945E740DE816E7D8015A962D9166
:102062003D914D915C915D970E946274F801268DBD
:10207200378D40A151A10E9427739E012F5F3F4FD0
:1020820049010F2EA12CB12CF0E2CF2EF1E4DF2E6C
:10209200F02DEE24EA941FE4F12E03EC17E420E085
:1020A20030E0A9010E94643B882379F089819A81FA
:1020B200AB81BC818B879C87AD87BE878A85816017
:1020C2008A8703C0002309F4B9C080914978882324
:1020D20089F080915878882389F00E947B7481115D
:1020E20009C00E942A7200E021E041E00E94434CB4
:1020F20010924978E0905878E1100BC0E09059783E
:10210200E11006C080915678882309F448C001C0C6
:10211200E12C20915078211107C080914B788630B4
:1021220031F060914C7805C060E070E002C061E07F
:1021320070E0617090912D76992369F080914F78CB
:1021420081110CC080917977882359F040917B7777
:1021520081E0482708C040E050E005C040E050E080
:1021620002C040E050E0417080912B76811109C09D
:1021720080913376811105C080912C76811101C046
:1021820020E0992319F000914F7801C000E0A0905F
:102192005678C0905978CE0105960E9434208091DD
:1021A2005778882309F44AC06091AD777091AE7771
:1021B2008091AF779091B07760353FEF730735E14B
:1021C20083079105D8F4AE014B5F5F4F0E94A9517E
:1021D2008823A1F18091AD779091AE77A091AF77EE
:1021E200B091B0770196A11DB11D8093AD77909308
:1021F200AE77A093AF77B093B07720C081E08093A1
:10220200660483E090E0A5E6B4E021E0E6E6F4E0CF
:102212004FEF52E537E0415050403040E1F700C007
:1022220000002C934FEB54ED31E0415050403040D0
:10223200E1F700C000002083019751F780912B76CF
:102242008823E1F04091D3765091D4766091D5768F
:102252007091D6764F5F5F4F6F4F7F4F81E0009155
:102262003476109135762091367630913776401754
:102272005107620773071CF480E001C080E081709F
:1022820090913376992329F190915478911123C03A
:10229200C090E776D090E876E090E976F090EA7622
:1022A2004FEFC41AD40AE40AF40A409154765091CA
:1022B200557660915676709157764450510961096E
:1022C200710921E0C416D506E606F7062CF420E0D3
:1022D20003C020E001C020E090912C769923E1F028
:1022E2004091D7765091D8766091D9767091DA760E
:1022F2004F5F5F4F6F4F7F4F91E0C0903876D09025
:102302003976E0903A76F0903B764C155D056E0595
:102312007F051CF490E001C090E0811104C020FD13
:1023220002C090FF05C00E941A7481E08093517828
:102332008FE59AEE0197F1F700C0000050C030918E
:102342002C76311124C0712C6624639470CC1092C7
:102352004C7880913B77882309F418CDE2CC8091A8
:102362003A77811168CD01E0A5CDE3EDF6E78485EA
:102372009585A685B7850196A11DB11D8487958790
:10238200A687B78720912E76211117C09ECEC090C6
:102392003876D0903976E0903A76F0903B768C158C
:1023A2009D05AE05BF050CF03ECC6624639432CC8D
:1023B20080914C788111EACCB4CC40914076509116
:1023C2004176609142767091437684179507A6070D
:1023D200B7070CF47ACE28CE10924C78A2CC6E9627
:1023E200CDBFDEBFDF91CF911F910F91FF90EF9094
:1023F200DF90CF90BF90AF909F908F907F906F9023
:0A2402005F904F903F902F900895D7
:10240C002F923F924F925F926F927F928F929F92F8
:10241C00AF92BF92CF92DF92EF92FF920F931F93E6
:10242C00CF93DF93CDB7DEB72697CDBFDEBF8B83BF
:10243C009C83A42E6115710509F489C2DC01FC9002
:10244C00FF2009F484C22FEF3FEF1D821E8240E073
:10245C0050E080E090E019821A820F2EF7E0BF2E38
:10246C00F02D88248A94982C08E06894332432F850
:10247C0001C0CA014F2C512CF2013997E537F105F7
:10248C0008F055C2EC5BFA4F0C94B57349815A8134
:10249C004F5F5F4F49835A83AD81BE81A034B10534
:1024AC0008F055C26D01BFEFCB1ADB0A4D815E817E
:1024BC00B49EF001B59EF00D1124DF01A55FB34968
:1024CC0013968D929C92149711968D929C921297C2
:1024DC0015961D921C921697109709F438C22F3F2F
:1024EC005FEF350791F0B29EA001B39E500D112401
:1024FC00455F5349FA012081213009F428C2258116
:10250C0036812F5F3F4F25833683FBE7FF1611F093
:10251C0022E001C021E02C9311968D939C9312978D
:10252C002D813E81CD82DE82D6C10F2EFDE7EF2EAE
:10253C00F02DFE1411F0A2E001C0A1E04D815E81EE
:10254C00415051090AF4EDC2ED80FE80BE9CF001B1
:10255C00BF9CF00D1124EC5FF349E180F280EF2079
:10256C00E09491F0E380F480EF20E09469F4208112
:10257C002A13EDC19C012F5F3F4F238334834F3FC0
:10258C00EFEF5E0739F4E3C14150510937975523FA
:10259C0024F7C7C255230CF496C1B49EF001B59E26
:1025AC00F00D1124E45FF3499A01408151814F3FB2
:1025BC005F4F31F0428153814F3F5F4F09F48BC124
:1025CC002150310937972F3FBFEF3B0771F783C17C
:1025DC006C0101968617970708F079C2EB81FC8194
:1025EC00E80FF91F4081442309F478C24232C9F53F
:1025FC0002C04232B1F54D815E8140345105A8F4E0
:10260C007A015FEFE51AF50AAD81BE81BA9EF00141
:10261C00BB9EF00D1124E55FF34983829482818285
:10262C00928215821682309721F488248A94982CF1
:10263C0087C13082BFEFCB1ADB0AC182D28283837F
:10264C0094831582168249815A814F5F5F4F49836B
:10265C005A832F3F5FEF350709F064C0ED82FE828D
:10266C003AC14C3509F04BC0AC014F5F5F4F461778
:10267C00570708F03AC2EB81FC81E40FF51FE081AB
:10268C004E2E512CF201B297E435F10508F034C20C
:10269C00E754FA4F0C94B573AC014E5F5F4F46177D
:1026AC00570748F5EB81FC81E40FF51F10811123CE
:1026BC0011F1DC011396EB81FC81EA0FFB1F7C010D
:1026CC0046E0E40EF11CAD0101C0AC0180ED810FC0
:1026DC008A3030F0812F8F7D8154863008F013C200
:1026EC004E155F0541F06417750729F01191CA0169
:1026FC0001961111EACFCA01019701C0CA010196D6
:10270C008617970708F006C2EB81FC81E80FF91FCA
:10271C00408141116ECF0F2EFDEF8F2E99249A948C
:10272C00F02D0EC1B29EF001B39EF00D1124E55FA9
:10273C00F349458156814F5F5F4F45835683ED8248
:10274C00FE82C9C02D813E8121503109C4C02F3F6A
:10275C005FEF350709F4BFC0B29EF001B39EF00DD8
:10276C001124E55FF34940814150423008F4B3C075
:10277C004D815E81415051090AF4ADC0AD81BE81DD
:10278C00BA9EF001BB9EF00D1124EC5FF349F08072
:10279C001FEF1F0D123058F4E180F280EF20E0940F
:1027AC0031F0E380F480EF20E09409F48FC04150C5
:1027BC005109379755235CF78EC02F3FAFEF3A077F
:1027CC0099F0B29EF001B39EF00D1124E55FF34930
:1027DC001081113009F4BBC0143031F40580F6813E
:1027EC00E02DEF2B09F0B3C0F82ED92E4617570762
:1027FC0008F0ADC0EB81FC81E40FF51F10811123B3
:10280C0009F4A5C04F5F5F4FEB81FC81E40FF51F0E
:10281C001032E1F038F4193058F01B30B8F01D309C
:10282C0039F414C01D3591F01D3781F01C3271F054
:10283C0040EE410F4F3508F08AC001968617970776
:10284C0008F085C011911111E3CF81C04D815E81DB
:10285C004034510508F07BC02A015FEF451A550A38
:10286C00AD81BE81BA9EA001BB9E500D1124FA0110
:10287C00E55FF3498382948281829282158216826B
:10288C00309709F464C00083F182D28283839483ED
:10289C00019749815A814F5F5F4F49835A832F3F7C
:1028AC005FEF3507B1F0B29EF001B39EF00D11242D
:1028BC00E55FF349458156814F5F5F4F45835683F2
:1028CC004D825E8208C02FEF3FEF05C0242F352FBD
:1028DC0002C04D825E82AC014F5F5F4F46175707B7
:1028EC0038F4EB81FC81E40FF51FF080F110C1CDC1
:1028FC008D819E81019712F127E0AD81BE812A9FC7
:10290C00F0012B9FF00D1124EB5FF34920813181F5
:10291C002F3F3F4F29F0228133812F3F3F4FB9F09A
:10292C0001973797992394F789809A8009C00F2EC5
:10293C00FEEF8F2E99249A94F02D02C089809A80F4
:10294C001814190424F480910B6C813059F002E3B3
:10295C0015E925E535E94A2D60E070E0CB010E94D0
:10296C00CD69E4C040E050E0B4018BE09CE60E94ED
:10297C00E13E81110BC004E615E925E535E94A2D48
:10298C0060E070E0CB010E94CD69D0C005E715E98D
:10299C0020E030E0A4016BE07CE68B819C810E94FE
:1029AC007B4099237CF027E0289FB001299F700D74
:1029BC001124655F73498B819C810E943D592B01C9
:1029CC003C0103C0412C512C320108E715E920E0F1
:1029DC0030E0A4016BE07CE68B819C810E947B4003
:1029EC007C0199235CF087E08E9DF0018F9DF00DAA
:1029FC001124E55FF3498081843051F000E815E93A
:102A0C0025E535E94A2DC301B2010E94CD698EC07E
:102A1C000DE915E920E030E0A4016BE07CE68B8148
:102A2C009C810E947B401C019923ACF087E0829D25
:102A3C00F001839DF00D1124E55FF3498081813015
:102A4C0079F004EA15E925E535E94A2DC301B2010F
:102A5C000E94CD696BC04CE255E90CE318E904C047
:102A6C004CE255E90CE318E927E02E9DC0012F9D9F
:102A7C00900D11249C01255F33497901B7018B819D
:102A8C009C810E946E61882381F0D8011296ED9191
:102A9C00FC911397CA2C710184012BE03CE64B810D
:102AAC005C81C301B201099541C00C5F1F4FF80155
:102ABC00408151814115510509F70FEB15E92BEDBB
:102ACC0035E94A2DC301B2010E94CD692FC00F2EEA
:102ADC00FDEF8F2E99249A94F02D32CF0F2EFDEF0F
:102AEC008F2E99249A94F02D2BCF0F2EFDEF8F2E35
:102AFC0099249A94F02D24CF0F2EFEEF8F2E99242B
:102B0C009A94F02D1DCF0F2EFEEF8F2E99249A94B0
:102B1C00F02D16CF0F2EFDEF8F2E99249A94F02DB9
:102B2C000FCF4F3F5F4F09F412CFD5CE2696CDBFB6
:102B3C00DEBFDF91CF911F910F91FF90EF90DF904F
:102B4C00CF90BF90AF909F908F907F906F905F9041
:082B5C004F903F902F90089567
:102B6400EF92FF920F931F93CF93DF93CDB7DEB70E
:102B74006B97CDBFDEBF0E94EE71182F811161C229
:102B8400CE0101967C0184E1F70111928A95E9F75F
:102B9400FFEF20E980E5F15020408040E1F700C0DC
:102BA400000080E693E90E9444709FEFE0E9F0E5BD
:102BB4009150E040F040E1F700C00000C7010E94DE
:102BC400D15E64E673E9C7010E94E470892B09F4BD
:102BD400A3C084E68B8F21E0AE01455E5F4F60E0C9
:102BE40087E693E90E9443522FEF82E597E0215054
:102BF40080409040E1F700C000008EE08D8B80E1C2
:102C04008E8B22E0AE014B5E5F4F60E08AE693E973
:102C14000E944352EFEFF2E527E0E150F0402040FC
:102C2400E1F700C000001A8E21E0AE01465E5F4F5E
:102C340060E08DE693E90E9443528FEF92E5E7E06E
:102C440081509040E040E1F700C0000011E0198F8E
:102C540021E0AE01475E5F4F60E080E793E90E94A8
:102C64004352FFEF22E587E0F15020408040E1F736
:102C740000C00000188F21E0AE01485E5F4F60E0A5
:102C840083E793E90E9443529FEFE2E5F7E0915016
:102C9400E040F040E1F700C0000084E08F8B21E0C9
:102CA400AE01495E5F4F60E086E793E90E944352BC
:102CB4002FEF82E597E0215080409040E1F700C07B
:102CC4000000E1E0F7E701900020E9F731979F0168
:102CD4002150374741E057E760E089E793E90E94D4
:102CE4004352EFEFF2E527E0E150F0402040E1F7F6
:102CF40000C0000020E040E050E060E08CE793E991
:102D04000E9443528FEF92E5E7E081509040E0400B
:102D1400E1F700C0000080C18FE793E90E9444708E
:102D2400CE0101960E94D15E65E873E9CE01019659
:102D34000E94E470892B99F088E893E90E9444701A
:102D4400CE0101960E94D15E64E673E9CE0101963C
:102D54000E94E470892B09F074C101E001C000E015
:102D640080E993E90E944470CE0101960E94D15EED
:102D740066E973E9CE0101960E94E470892B91F013
:102D84008BE993E90E944470CE0101960E94D15EC2
:102D940064E673E9CE0101960E94E470892B09F080
:102DA40050C101E085EA93E90E944470CE01019686
:102DB4000E94D15E6BEA73E9CE0101960E94E47031
:102DC400892B91F08DEA93E90E944470CE0101961B
:102DD4000E94D15E64E673E9CE0101960E94E4701C
:102DE400892B09F02EC101E084EB93E90E94447021
:102DF400CE0101960E94D15E6AEB73E9CE01019681
:102E04000E94E470892B91F08CEB93E90E9444704A
:102E1400CE0101960E94D15E64E673E9CE0101966B
:102E24000E94E470892B09F00CC101E083EC93E962
:102E34000E944470CE0101960E94D15E6BEA73E950
:102E4400CE0101960E94E470892B91F089EC93E9FC
:102E54000E944470CE0101960E94D15E64E673E93B
:102E6400CE0101960E94E470892B09F0EAC001E0CA
:102E740080ED93E90E944470CE0101960E94D15ED8
:102E84006BEA73E9CE0101960E94E470892B09F084
:102E940067C086ED93E90E944470CE0101960E94BA
:102EA400D15E64E673E9CE0101960E94E470892B39
:102EB40009F0C7C084EE93E90E944470CE010196E4
:102EC4000E94D15E64E673E9CE0101960E94E4702B
:102ED400892B09F0B6C08AE294E90E944470CE01BD
:102EE40001960E94D15E64E673E9CE0101960E94C8
:102EF400E470892B09F0A5C080E794E90E9444702E
:102F0400CE0101960E94D15E64E673E9CE0101967A
:102F14000E94E470892B09F094C086EB94E90E9426
:102F24004470CE0101960E94D15E64E673E9CE013D
:102F340001960E94E470892B09F083C08CEF94E918
:102F44000E944470CE0101960E94D15E64E673E94A
:102F5400CE0101960E94E470892B09F072C001E051
:102F640083E095E90E944470CE0101960E94D15EEF
:102F740061E077E7CE0101960E94E470892BC9F0E5
:102F840089E095E90E94447081E097E70E944470CB
:102F94008EE095E90E944470CE0101960E94D15EB4
:102FA40064E673E9CE0101960E94E470892BC1F1B5
:102FB40048C080E195E90E944470CE0101960E94C8
:102FC400D15E6AEB73E9CE0101960E94E470892B0D
:102FD40089F086E195E90E944470CE0101960E9431
:102FE400D15E64E673E9CE0101960E94E470892BF8
:102FF40019F027C0002381F08DE195E90E94447007
:10300400CE0101960E94D15E64E673E9CE01019679
:103014000E94E470892BA9F40E94F87111E011C098
:1030240080E195E90E944470CE0101960E94D15E30
:103034006AEB73E9CE0101960E94E470892BE1F2F8
:10304400C8CF812F6B96CDBFDEBFDF91CF911F918B
:083054000F91FF90EF90089529
:10305C002F923F924F925F926F927F928F929F929C
:10306C00AF92BF92CF92DF92EF92FF920F931F938A
:10307C00CF93DF93CDB7DEB7A997CDBFDEBF8D8FD2
:10308C00809358786093597840935778209356786A
:10309C000E94586FDC01CB0180589344AD46B84375
:1030AC00898F9A8FAB8FBC8FBE016F5F7F4FCE0124
:1030BC0049960E94E56608E216E7D8011F968C91A6
:1030CC001F978F931E968C911E978F931D968C91A4
:1030DC001D978F931C968C918F93EDB7FEB77897B5
:1030EC00EDBFFEBFADB7BEB7119688E1FE013196BC
:1030FC0001900D928A95E1F70E946B3FCDBFDEBF28
:10310C002B013C010F2EF3ED2F2EF6E73F2EF02D69
:10311C00D1016D937D938D939C931397F8018389C3
:10312C008F9382898F9381898F9380898F932DB709
:10313C003EB7285131092DBF3EBFADB7BEB7119672
:10314C0088E1FE01319601900D928A95E1F70E947B
:10315C006B3FCDBFDEBF6E8F7F8F88A399A3D1014C
:10316C0014966D937D938D939C931797F801848897
:10317C009588A688B788BF92AF929F928F922DB7F1
:10318C003EB7285131092DBF3EBFADB7BEB7119622
:10319C0088E1FE01319601900D928A95E1F70E942B
:1031AC006B3FCDBFDEBF6B017C01D10118966D93D7
:1031BC007D938D939C931B97F801838D8F93828DB8
:1031CC008F93818D8F93808D8F932DB73EB7285120
:1031DC0031092DBF3EBFADB7BEB7119688E1FE01D8
:1031EC00319601900D928A95E1F70E946B3FCDBF0D
:1031FC00DEBF6AA37BA38CA39DA3D1011C966D9308
:10320C007D938D939C931F97F801878D8F93868D5B
:10321C008F93858D8F93848D8F932DB73EB72851C7
:10322C0031092DBF3EBFADB7BEB7119688E1FE0187
:10323C00319601900D928A95E1F70E946B3FCDBFBC
:10324C00DEBF6EA37FA388A799A7D10150966D937B
:10325C007D938D939C935397F80187A58F9386A5A7
:10326C008F9385A58F9384A58F932DB73EB7285147
:10327C0031092DBF3EBFADB7BEB7119688E1FE0137
:10328C00319601900D928A95E1F70E946B3FCDBF6C
:10329C00DEBFD10154966D937D938D939C9357977C
:1032AC00F8012581222309F4ADC0FAE08F169104B0
:1032BC00A104B10408F4A6C0950184010A501109B7
:1032CC00210931090C151D052E053F050CF09AC07E
:1032DC00C01AD10AE20AF30A0093DB761093DC766B
:1032EC002093DD763093DE76C414D504E604F7041F
:1032FC006CF44C185D086E087F084092D37650929F
:10330C00D4766092D5767092D67608C01092D37629
:10331C001092D4761092D5761092D6762E8D3F8D53
:10332C0048A159A1C216D306E406F5067CF449015E
:10333C005A018C189D08AE08BF088092D7769092DF
:10334C00D876A092D976B092DA7606C0E3EDF6E79D
:10335C0014821582168217822AA13BA14CA15DA171
:10336C00C216D306E406F5067CF489019A010C1901
:10337C001D092E093F090093DF761093E076209308
:10338C00E1763093E27606C0E3EDF6E71486158617
:10339C00168617862EA13FA148A559A5C216D3069D
:1033AC00E406F5067CF489019A010C191D092E0915
:1033BC003F090093E3761093E4762093E5763093FF
:1033CC00E67606C0E3EDF6E7108A118A128A138AB4
:1033DC00C616D706E806F9067CF4AB01BC014C19FD
:1033EC005D096E097F094093E7765093E876609308
:1033FC00E9767093EA7606C0E3EDF6E7148A158A4F
:10340C00168A178AE8EBF6E785E0818F148A158A0D
:10341C00168A178A108E128E84E1DF011D928A950E
:10342C00E9F7109251781092507810924F781092D0
:10343C004E7810924D78BD8DB093497881E0809391
:10344C004C7810924B7880935B780E94586F20E8F0
:10345C0031E541E050E00E94B6672F5F3F4F4F4F80
:10346C005F4F60E871E581E090E00E941670609318
:10347C00B5777093B6778093B7779093B8771092AF
:10348C005A78A996CDBFDEBFDF91CF911F910F91D6
:10349C00FF90EF90DF90CF90BF90AF909F908F9068
:0E34AC007F906F905F904F903F902F9008950B
:1034BA005F926F927F928F929F92AF92BF92CF92BA
:1034CA00DF92EF92FF920F931F93CF93DF930F2E0A
:1034DA00FBECEF2EFFE6FF2EF02D992493940F2E8E
:1034EA00F3EDCF2EF7E7DF2EF02D01E010E0B92C37
:1034FA006894AA24A2F80F2EFEE06F2EF02D7724EE
:10350A007A94812C73C10E94E45A90916E78911139
:10351A000EC08E3709F06CC10093DF771093E07705
:10352A00B0926E7810926D7810926B7861C120918A
:10353A00DF773091E0772330310528F090916B786E
:10354A00980F90936B782230310591F020F4213056
:10355A00310549F050C02330310521F124303105BD
:10356A0009F446C048C01092DD778093DE774DC1DA
:10357A004091DD775091DE77BA01682BCB01AC011F
:10358A004D5F5F4F4093DD775093DE77029780312E
:10359A00914008F43AC110926E781092DF77109237
:1035AA00E07726C1809367788A38C9F028F488388A
:1035BA00C9F0893889F019C0803929F08D3A31F07B
:1035CA008B3899F406C060926C781FC1A0926C780F
:1035DA001CC1A0926C7819C1A0926C7816C1A092F5
:1035EA006C7813C1A0926C7810C1B0926D780DC13D
:1035FA0080936A780AC14091DD775091DE7724176B
:10360A00350790F080916D78811107C080916C78B0
:10361A0090E08217930708F4FFC010926E78109218
:10362A00DF771092E077E4C090916D789111C7C06E
:10363A0001C150906778EAE85E120FC080916A78FB
:10364A00823319F4B0926378D3C0833309F0D0C0BF
:10365A0010926378B0926278CBC021503109281B4E
:10366A00390BC901FBE85F1609F4C7C049E85412CF
:10367A0036C030916A78209169783213B9C0B09215
:10368A0068786BE85612B4C004975CF0F70123819E
:10369A008091D7779091D8778F3FFFEF9F0739F4C2
:1036AA000BC02BE8521609F4CDC0A2C02D2F0196EB
:1036BA008093D7779093D877222309F499C0809181
:1036CA00D5779091D6778F3F3FEF930729F00196F0
:1036DA008093D5779093D6772093617889C048E80C
:1036EA00541233C0243031056CF0F7014081413463
:1036FA0049F44181493431F44281411103C0438183
:10370A004093647803970CF473C0F7018081F60143
:10371A008083F7018181F6018183F7018281809399
:10372A0060782350293018F420935F7802C0C09340
:10373A005F7840915F7850E06EEC7FE68CE797E720
:10374A000E94C571B0925E7853C0FDEA5F1208C04C
:10375A0020916A78213009F080C0B09263787DC0E8
:10376A00E901992314F4C0E0D0E0CF3FD10519F064
:10377A0014F0C72DD82DFE01E553F0491082CF3F32
:10378A00D10519F014F0C72DD82DAE01B7018BEC75
:10379A009EE60E94C571C553D149188270E9571235
:1037AA001EC01FC0B90161507109FB01E41BF50B72
:1037BA00EF3FF10509F01CF4E553F04980832F5FD0
:1037CA003F4F2093DF773093E0772531314080F007
:1037DA0010926E781092DF771092E07709C062E05B
:1037EA0001C0692D8BEC9EE60E94E66EDFEFC8E011
:1037FA000E944E72811187CE50C030916A78209112
:10380A006978321709F43BCF3FCF2F5F3F4F2093A0
:10381A00DF773093E077ECCF80916C7890E010926C
:10382A006E781092DF771092E07740916B784F3F75
:10383A00F9F6FFCE40916C7850E04217530708F032
:10384A00BECFB0CF8091D7779091D8778F3F2FEFA7
:10385A00920709F02BCF2D2F32CFEC01992314F4C4
:10386A00C0E0D0E0CF3FD10519F014F0C72DD82D14
:10387A00FE01E553F0491082CF3FD10519F014F04B
:10388A00C72DD82DAE01B7018BEC9EE60E94C571FB
:10389A00C553D149188262E0A5CFDF91CF911F911C
:1038AA000F91FF90EF90DF90CF90BF90AF909F90D5
:0A38BA008F907F906F905F9008954B
:1038C400AEE0B0E0E8E6FCE10C94256C4C016B0141
:1038D40019821A828FEF9FEF8B839C831D821E8235
:1038E4004F83588729873A87A12CB12CD6016D9034
:1038F4007C90F301EA0DFB1D808181110FC0D6017C
:10390400ED93FC938081853209F0D3C13F01BFEF71
:103914006B1A7B0AF6016082718219C0853279F3D1
:10392400B401082E000C990B0E9427534FEFA41AE0
:10393400B40ADCCF8C32ACF08D32F9F489819A81EF
:10394400816089839A833196D601ED93FC93D601E5
:10395400ED91FC9180818B3269F789819A81846031
:10396400F0CF803221F489819A818860EACF833252
:1039740051F489819A818061E4CF803321F4898173
:103984009A818260DECFB701C6010E94BA608D833E
:103994009E8397FF0BC029813A81B1E02B272983AD
:1039A4003A839195819591098D839E8389819A812A
:1039B40080FF03C08D7F89839A83D601ED91FC91AA
:1039C400119780818E3249F43196ED93FC93B701BF
:1039D400C6010E94BA608B839C83C6010E949B68C7
:1039E400582ED601ED91FC918081082E000C990B84
:1039F4000E94C872893609F443C084F4833609F4FA
:103A040002C134F4853209F427C18136E1F030C1B2
:103A14008436B1F188360CF4D9C02AC1803709F450
:103A24009AC03CF48E3609F4BCC08F3609F461C0E8
:103A34001FC1853709F440C0883709F476C083373D
:103A440009F016C1F3C0652D70E0A701CE010B96F5
:103A54000E940000892B09F426C1D601ED91FC9146
:103A64001197CF0101968D939C932081AE01455F00
:103A74005F4FBE016F5F7F4FC4010E94000010C101
:103A8400652D70E0970141E050E0CE010B960E9455
:103A94002149892B09F407C1F6018081918101969E
:103AA40080839183AE01455F5F4FBE016F5F7F4F9F
:103AB400C4010E945645F4C0652D70E0970140E0B2
:103AC40050E0CE010B960E942149892B09F4EBC0EA
:103AD400D6018D919C91119701968D939C93AE0183
:103AE400455F5F4FBE016F5F7F4FC4010E9450541A
:103AF400D7C0652D70E0970140E050E0CE010B96F1
:103B04000E942149892B09F4CEC0F601808191815C
:103B1400019680839183AE01455F5F4FBE016F5F65
:103B24007F4FC4010E94654EBBC0652D70E09701B4
:103B340040E050E0CE010B960E942149892B09F404
:103B4400B2C0D601ED91FC911197CF0101968D93EE
:103B54009C9320811CC0970140E050E060EF70E02E
:103B6400CE010B960E942149892B09F49CC0F601D1
:103B7400808191810196808391838B859C85892B9B
:103B840029F420E030E043EA57E784C028E7AE0197
:103B9400455F5F4FBE016F5F7F4FC4010E94EB31F1
:103BA4007FC0A501400F511F652D70E09701CE0124
:103BB4000B960E940000892B09F475C0D6018D91E3
:103BC4009C91119701968D939C9373C0652D70E021
:103BD400A701CE010B960E940000892B09F463C053
:103BE400D601ED91FC911197CF0101968D939C9391
:103BF4002081AE01455F5F4FBE016F5F7F4FC401FF
:103C04000E9400004DC0B0E85B124DC0F6018081F7
:103C14009181019680839183D701ED91FC91119755
:103C2400CF0102968D939C93808120C0B0E85B12F3
:103C34003AC0F60180819181019680839183D701F6
:103C4400ED91FC911197CF0102968D939C93408145
:103C5400518120E030E01EC0B0E85B1224C0F601C0
:103C6400208131812F5F3F4F208331838B870DC0AB
:103C740085E28B87D6016D927C9219821A821D820D
:103C84001E828FEF9FEF8B839C8321E030E0AE0197
:103C9400455F5F4FBE016F5F7F4FC4010E941A638F
:103CA4008A0D9B1D07C0F601808191810196808356
:0C3CB4009183C5012E96EFE00C94166D74
:103CC0002F923F924F925F926F927F928F929F922C
:103CD000AF92BF92CF92DF92EF92FF920F931F931A
:103CE000CF93DF93CDB7DEB72597CDBFDEBF0E9460
:103CF000207290917178992319F0913079F09EC1DA
:103D0000813009F09BC1CE0101960E946D73811133
:103D100095C160E089810E94787490C1909170781B
:103D20009111FBC0813009F089C10F2EFBE04F2EAD
:103D3000512C612C712CF02DE3C06091C5777091EE
:103D4000C6778091C7779091C8770091BD77109121
:103D5000BE772091BF773091C077601771078207D7
:103D6000930718F00E94045F69C10E94F4556A83AA
:103D70007B838C839D83C090C577D090C677E0907D
:103D8000C777F090C877C701B601A30192010E94DE
:103D9000B66753014201861A970AA80AB90A8091A8
:103DA000BD779091BE77A091BF77B091C0779C010D
:103DB000AD012C193D094E095F0969017A018CE8B2
:103DC00097E70E94076E9C01AFE2BAEB0E948F70EA
:103DD000929582958F7089279F708927A0E0B0E027
:103DE000B501A401C814D904EA04FB0410F4B70116
:103DF000A6016A017B0184179507A607B70710F48F
:103E00006C017D01C114D104E104F10409F416C16F
:103E100036E13C9D80013D9D100D1124ECE8F7E753
:103E20008280938026803780CF010E94076E8017A2
:103E3000910708F48C010115110509F44DC05101D9
:103E4000A818B908A016B106D0F00F2EFCE8AF2EC6
:103E5000F7E7BF2EF02DF50140815181480D591D26
:103E600098016A817B818C819D810E948557F50133
:103E700082819381080F191F0283138322C0ECE80B
:103E8000F7E740815181480D591D95016A817B8179
:103E90008C819D810E9485570A191B09ECE8F7E780
:103EA000408151816A817B818C819D816A0D7B1D5E
:103EB000811D911D98010E94855700938E77109364
:103EC0008F7780918E7790918F778215930520F070
:103ED00010928E7710928F778091C5779091C677E8
:103EE000A091C777B091C877C80ED91EEA1EFB1EF5
:103EF000C092C577D092C677E092C777F092C87724
:103F00000E94807081119AC08CE897E70E94076E2A
:103F1000823F910508F011CF91C04090BD7750903D
:103F2000BE776090BF777090C0778090C577909093
:103F3000C677A090C777B090C87784149504A6047C
:103F4000B70418F00E94045F79C00F2EFBE0CF2E5B
:103F5000D12CE12CF12CF02DC501B401A701960163
:103F60000E94B667C61AD70AE80AF90A481859081B
:103F70006A087B08FAE0CF16D104E104F10438F0B6
:103F80000F2EFAE0CF2ED12CE12CF12CF02D4C1479
:103F90005D046E047F0410F473016201C114D10446
:103FA000E104F10409F44AC0C501B4010E94F455CA
:103FB00026E12C9D80012D9D100D112498014BECC4
:103FC00052E70E94855780917078823031F4B801B1
:103FD0008BEC92E70E94975405C0B8018BEC92E7F6
:103FE0000E94AF558091C5779091C677A091C77711
:103FF000B091C877C80ED91EEA1EFB1EC092C577C5
:10400000D092C677E092C777F092C8778091BD775B
:104010009091BE77A091BF77B091C077C816D906AE
:10402000EA06FB0638F088E290E00E9499710E944F
:10403000045F04C088E290E00E9499712596CDBF8C
:10404000DEBFDF91CF911F910F91FF90EF90DF9036
:10405000CF90BF90AF909F908F907F906F905F9028
:084060004F903F902F9008954E
:104068008F929F92AF92CF92DF92EF92FF920F932F
:104078001F93CF93DF93CDB7DEB76197CDBFDEBF78
:104088004C01D62EF42E122F40E051E06BEC7DE669
:10409800CE0101960E94BB68CE0101960E94EA6A91
:1040A8006CEB76E9CE0101960E94B06941E050E0E0
:1040B80060E070E0CE0101960E94716B6EEB76E9CC
:1040C800CE0101960E94B0696CEC76E9CE010196AA
:1040D8000E947A6A64EC76E9CE0101960E94B06982
:1040E800F4014181528163817481CE0101960E945D
:1040F800716B67EC76E9CE0101960E94B069CE013A
:1041080001960E94EA6AF401858181FF1CC060ED76
:1041180076E9CE0101960E94B069F4016285738543
:10412800072E000C880B990B0E94B95920E030E04B
:1041380048EC52E40E945E74AB01BC0122E0CE015F
:1041480001960E94BC2BF401858183FF1AC062EDA1
:1041580076E9CE0101960E94B069F40166857785FB
:1041680080E090E00E94B75920E030E048EC52E44B
:104178000E945E74AB01BC0121E0CE0101960E9451
:10418800BC2BF401858182FF1CC064ED76E9CE0169
:1041980001960E94B069F40164857585072E000CAC
:1041A800880B990B0E94B95920E030E048EC52E4A2
:1041B8000E945E74AB01BC0122E0CE0101960E9410
:1041C800BC2BF401858184FF1AC06CEB76E9CE0123
:1041D80001960E94B069F4016089718980E090E0DD
:1041E8000E94B75920E030E44CE156E40E945E7426
:1041F800AB01BC0123E0CE0101960E94BC2BF40167
:10420800858185FF0FC066ED76E9CE0101960E9493
:10421800B069F4014289538960E070E0CE010196EB
:104228000E94716BF401858180FF17C069ED76E902
:10423800CE0101960E94B069F4016681778180857C
:1042480091852AE030E040E050E00E94B667BA016C
:10425800A901CE0101960E94716BF401858186FF48
:104268000FC06BED76E9CE0101960E94B069F401AA
:104278004489558960E070E0CE0101960E94716B17
:10428800D11043C0F11055C00AC06CEB76E9CE01DD
:1042980001960E947A6ACE0101960E945A6E111107
:1042A80053C0011165C00AC06CEB76E9CE010196D6
:1042B8000E947A6ACE0101960E945A6ECE0101963A
:1042C8000E94466ECE0101960E94466ECE0101966E
:1042D8000E942E74CE0101960E94C073882309F4AF
:1042E80052C0EE2021F08BEC9DE60E948F52CC202C
:1042F80021F08BEC9DE60E946950AA2009F443C086
:104308008BEC9DE60E94695E3EC06DED76E9CE01BC
:1043180001960E94B069CE0101960E94056B64ED7A
:1043280076E9CE0101960E947A6AFF2009F4B3CF9C
:10433800ACCF6DED76E9CE0101960E94B069CE0151
:1043480001960E94056BA1CF60EE76E9CE01019639
:104358000E94B069CE0101960E94056B64ED76E972
:10436800CE0101960E947A6A002309F4A3CF9CCF5C
:1043780060EE76E9CE0101960E94B069CE01019601
:104388000E94056B91CF6196CDBFDEBFDF91CF91C3
:104398001F910F91FF90EF90DF90CF90AF909F907B
:0443A8008F90089555
:1043AC00AEE0B0E0ECEDF1E20C94246C8B019C01DE
:1043BC004D875E8760587D458C4B984301381D4571
:1043CC002C4B384358F020E831E541E050E00E9496
:1043DC00B66769017A014B015C0118C020E831E530
:1043EC0041E050E00E94596D69017A014B015C017A
:1043FC0097FF0CC050E8850E51E5951E51E0A51EA7
:10440C00B11C81E0C81AD108E108F108C701B60156
:10441C006D5F7F4F8F4F9F4F27E030E040E050E0C3
:10442C000E94596D8B0177FF02C0095F1F4FF7FE89
:10443C0010C091EBC90E9AE3D91E92E0E91EF11C53
:10444C0044244A94542C320149865A866B867C86C5
:10445C0004C019861A861B861C86C701B6012CEA75
:10446C003EE840E050E00E94596D29013A0124E0F9
:10447C00421651046104710429F443E0442E512C7A
:10448C00612C712CA4E5B1E7A30192010E94DB72AF
:10449C00C60ED71EE81EF91EC701B60125EB35E086
:1044AC0040E050E00E94596D2D833E834F83588726
:1044BC00293131054105510541F488E190E0A0E036
:1044CC00B0E08D839E83AF83B887ABE4BAEF2D81C8
:1044DC003E814F8158850E94DB729B01AC012C0DF3
:1044EC003D1D4E1D5F1D29833A834B835C83CA019E
:1044FC00B9012DE631E040E050E00E94596D6901B0
:10450C007A0134E0C316D104E104F10429F433E058
:10451C00C32ED12CE12CF12CA3E9BEEFA7019601FF
:10452C000E94DB7229813A814B815C81260F371FF7
:10453C00481F591F29833A834B835C83C114D104D0
:10454C00E104F10499F48D819E81AF81B885892BAA
:10455C008A2B8B2B71F431E020E04114510461045F
:10456C00710409F030E0832F922F05C080E090E0B9
:10457C0002C081E090E0E981FA81FB96E80FF91F17
:10458C009C0124593E4F2E173F0724F483599E4F0C
:10459C00E81BF90B8D819E81AF81B88522E0880FD5
:1045AC00991FAA1FBB1F2A95D1F7C80ED91EEA1E48
:1045BC00FB1EA4E6B0E0A30192010E94AF71C60EEF
:1045CC00D71EE81EF91EA0E9B1E029853A854B8576
:1045DC005C850E94AF71C60ED71EE81EF91EADE5B4
:1045EC00B7E7CD018D5597474D91042E000C550B17
:1045FC00660B770B49805A806B807C80441655067D
:10460C00660677066CF049805A806B807C80441A71
:10461C00550A660A770A49825A826B827C82E1CFFC
:10462C008A30910534F00C972FEFC21AD20AE20AA5
:10463C00F20A34E6C30ED11CAD85BE851A96CD9216
:10464C00DC921B97029618968D939C931997C980B0
:10465C00DA80BFEFCB1ADB0AAD85BE851696CD92FC
:10466C00DC9217971C960D931C931D971E96ED9339
:10467C00FC931F97C501B40120E13EE040E050E0FF
:10468C000E94596DED85FE85248335838CE3C82EFD
:10469C00D12CE12CF12CC501B401A70196010E948B
:1046AC00596D4B015C01CA01B901A70196010E9429
:1046BC00596DAD85BE8512966D937C9313978D9233
:0E46CC009C9280E090E02E96E0E10C94156D3B
:1046DA002F923F924F925F926F927F928F929F9208
:1046EA00AF92BF92CF92DF92EF92FF920F931F93F6
:1046FA00CF93DF939C01DB019C91983009F027C18D
:10470A001196ED91FC911297E20FF31F13960D91FA
:10471A001C911497020F131FE017F10708F019C133
:10472A0080818D3241F43196E017F10708F013C108
:10473A004424439401C0412C1A01D08080ED8D0D90
:10474A008A3008F042C17F01BFEFEB1AFB0AC0E0D2
:10475A00D0E0812C912C540120E030E040E251E479
:10476A00C501B4010E9462744B015C016D2D70E0B9
:10477A0060537109072E000C880B990B0E94B959D6
:10478A00A50194010E9427734B015C01F701219650
:10479A00E016F10608F0FCC0D701DD907D0180ED3E
:1047AA008D0D8A30C8F2EDC0812C912C5401C0E0E5
:1047BA00D0E09F012F5F3F4F2017310708F0F3C069
:1047CA00518080ED850D8A3008F0E6C07F01B2E0A5
:1047DA00EB0EF11C3801C12CD12C20E030E040E274
:1047EA0051E4C501B4010E9462744B015C01652D5C
:1047FA0070E060537109072E000C880B990B0E9418
:10480A00B959A50194010E9427734B015C01E1E0AB
:10481A00CE1AD108F701CE018C199D09E614F704C6
:10482A0009F4C5C0D7015D907D0120ED250D2A3020
:10483A00A0F2EC01B4C0E017F10708F0BCC0C12C2B
:10484A00D12C80818F7D853409F087C0DF011196D4
:10485A00A017B10708F083C081818D3211F08B3225
:10486A0051F4C1E08D3209F0C0E0DF011296A017C1
:10487A00B10710F076C0C0E04C9180ED840F8A3009
:10488A0008F071C0119620E030E080E090E08436B4
:10489A00910574F4880F991FBC01660F771F660F84
:1048AA00771F860F971F50E040535109840F951FB9
:1048BA00FD012F5F3F4FA017B10728F44D9150ED2E
:1048CA00540F5A3020F3232B09F44FC0CC2319F08C
:1048DA00919581959109C80ED91EE017F10709F043
:1048EA0046C0E601D7FF03C0D195C195D1091C1670
:1048FA001D066CF460E070E080E89FE320E030E0A1
:10490A0040E251E40E9462742197C1F704C060E05A
:10491A0070E080E89FE3DD203CF49B01AC01C50117
:10492A00B4010E945E7404C0A50194010E946274DD
:10493A00442021F0DC01CB01B05802C0DC01CB01DC
:10494A00F10180839183A283B38381E043C080E035
:10495A0041C080E03FC080E03DC080E03BC080E0D5
:10496A0039C080E037C080E035C080E033C080E0E5
:10497A0031C080E02FC080E02DC080E02BC080E0F5
:10498A0029C080818E3209F414CFC12CD12C07C0E2
:10499A00CD2B09F050CFEDCFF901C12CD12CCD2B65
:1049AA0009F04FCFE8CFCE01F901C12CD12C892BC8
:1049BA0009F093CFE2CF0E171F0709F7C12CD12CAC
:1049CA0060E070E080E89FE3A6CF80818E3209F430
:1049DA00EBCE80E0DF91CF911F910F91FF90EF9086
:1049EA00DF90CF90BF90AF909F908F907F906F9005
:0A49FA005F904F903F902F900895BA
:104A04002F923F927F928F929F92AF92BF92CF92BA
:104A1400DF92EF92FF920F931F93CF93DF93CDB763
:104A2400DEB72897CDBFDEBF6D837E838F839887E3
:104A34004A01590118017C2CFF2044F40DEE1DE8B5
:104A44002CEF3DE84C2D0E94F1614EC10BE21FE8B2
:104A54009701A101B501C4010E947B406C01992317
:104A64005CF087E08C9DF0018D9DF00D1124EA0D22
:104A7400FB1D8081813061F006E31FE82CEF3DE8E7
:104A8400472D6D817E818F8198850E94F1612CC1B3
:104A940019821A821B821C8206E51FE89601A10175
:104AA400B501C4010E947B409923E4F027E0289FCC
:104AB400B001299F700D11246A0D7B1DAE014F5F5B
:104AC4005F4FC4010E943A6481110CC00DE51FE8D8
:104AD4002CEF3DE8472D6D817E818F8198850E9462
:104AE400F16102C10CE71FE89601A101B501C401FF
:104AF4000E947B409923E4F027E0289FB001299F7E
:104B0400700D11246A0D7B1DAE014E5F5F4FC40111
:104B14000E943A6481110CC000E81FE82CEF3DE8C4
:104B2400472D6D817E818F8198850E94F161DCC063
:104B34000CE91FE89601A101B501C4010E947B4064
:104B44009923E4F027E0289FB001299F700D1124D8
:104B54006A0D7B1DAE014D5F5F4FC4010E943A6434
:104B640081110CC002EA1FE82CEF3DE8472D6D814E
:104B74007E818F8198850E94F161B6C000EC1FE8A8
:104B84009601A101B501C4010E947B409923E4F080
:104B940027E0289FB001299F700D11246A0D7B1D09
:104BA400AE014C5F5F4FC4010E943A6481110CC096
:104BB40004EC1FE82CEF3DE8472D6D817E818F8149
:104BC40098850E94F16190C000EE1FE89701A10151
:104BD400B501C4010E947B409923A4F147E0489F9A
:104BE4009001499F300D1124A20EB31EF50180815E
:104BF400843061F005EE1FE82CEF3DE8472D6D8110
:104C04007E818F8198850E94F1616EC049EF5FE8D3
:104C1400B501C4010E946E61811116C046E050E9DD
:104C2400B501C4010E946E61811110C00BE010E94E
:104C34002CEF3DE8472D6D817E818F8198850E9400
:104C4400F16152C010E003C011E001C010E089819D
:104C5400811115C08A81811112C08B8181110FC00D
:104C64008C8181110CC001E310E92CEF3DE8472D44
:104C74006D817E818F8198850E94F16135C00E948B
:104C8400F572882361F007E410E928E530E9472D3F
:104C94006D817E818F8198850E94F16125C00E947B
:104CA4004C7181110CC00DE510E920E830E9472D65
:104CB4006D817E818F8198850E94F16115C010936A
:104CC4002A760E947E74472D6D817E818F8198851E
:104CD4000E94E860711002C00E9444632C814B81E1
:104CE4006A8189810E942E182896CDBFDEBFDF918C
:104CF400CF911F910F91FF90EF90DF90CF90BF90D5
:0E4D0400AF909F908F907F903F902F900895DA
:104D12002F923F924F925F926F927F928F929F92C9
:104D2200AF92BF92CF92DF92EF92FF920F931F93B7
:104D3200CF93DF93CDB7DEB7C254D109CDBFDEBF6B
:104D420023966CAF7DAF8EAF9FAF23973A01490197
:104D52000AAF1BAF57012C2CFF2044F40DEE1DE8C7
:104D62002CEF3DE84C2D0E94F16127C185E3E8E27A
:104D7200F6E7DE01119601900D928A95E1F70F2E6A
:104D8200FEE2EF2EF9E9FF2EF02D0F2EF7E34F2E64
:104D9200F9E95F2EF02D1EAE0F2EF7E03F2EF02D1B
:104DA200ECAEFDAEF7010081118195014AAD5BAD1C
:104DB200B401C3010E947B406C0199230CF4A2C090
:104DC200389EF001399EF00D1124E80DF91D808105
:104DD200813009F0D7C002E41DE896014AAD5BAD0F
:104DE200B401C3010E947B40992364F1389EB00153
:104DF200399E700D1124680D791DAE014A5C5F4F1A
:104E0200C3010E943A64811105C00FEA1EE82CEF2B
:104E12003DE8BCC09EA9ECADFDAD8281813059F068
:104E220018F0823059F00CC090932B7690932C7628
:104E32009093337605C090932D7602C090932E7690
:104E4200F1E0FEAF0AE41DE896014AAD5BADB401A4
:104E5200C3010E947B4099230CF454C0389EB001D8
:104E6200399E700D1124680D791DAE014A5C5F4FA9
:104E7200C3010E94C43D882359F08EA99FA9A8AD01
:104E8200B9AD803A26E8920721E0A207B10528F0E1
:104E920006E91EE827E33EE879C0ECADFDAD2281CC
:104EA2002130E9F018F0223019F12AC080933476CB
:104EB20090933576A0933676B09337768093387692
:104EC20090933976A0933A76B0933B76809354765A
:104ED20090935576A0935676B093577611C08093EF
:104EE2003C7690933D76A0933E76B0933F7608C091
:104EF2008093407690934176A0934276B093437626
:104F0200F1E0FEAF23E0E20EF11CE414F50409F037
:104F120047CF03E51DE895014AAD5BADB401C3017E
:104F22000E947B4099230CF444C027E0289FB001E3
:104F3200299F700D1124680D791DAE014A5C5F4FE7
:104F4200C3010E94C43D811105C00EE71EE82CEF8B
:104F52003DE81CC08EA99FA9A8ADB9AD8093587633
:104F620090935976A0935A76B0935B760E947E74A2
:104F7200422D23966CAD7DAD8EAD9FAD23970E94E1
:104F8200A7341BC007EC1EE82CEF3DE885E3FE01C9
:104F92003196A8E2B6E701900D928A95E1F7422D8B
:104FA20023966CAD7DAD8EAD9FAD23970E94F161CE
:104FB20004C08EAD8823E1F2D9CFCE5BDF4FCDBFE7
:104FC200DEBFDF91CF911F910F91FF90EF90DF90A5
:104FD200CF90BF90AF909F908F907F906F905F9097
:084FE2004F903F902F900895BD
:104FEA002F923F924F925F926F927F928F929F92EF
:104FFA00AF92BF92CF92DF92EF92FF920F931F93DD
:10500A00CF93DF93CDB7DEB7E997CDBFDEBF6EABE7
:10501A007FAB88AF99AF48AB59AB5901ECAAFDAA4F
:10502A00FF2044F40DEE1DE82CEF3DE84C2D0E94C4
:10503A00F16109C18BE2EDE8F6E7DE011196019014
:10504A000D928A95E1F70F2EFEE6EF2EF7E9FF2E75
:10505A00F02D512C0F2EF7E0DF2EF02D1801EAAAC1
:10506A00FBAAD7010D911C912CA93DA9A101B5015B
:10507A0088A999A90E947B404C0199230CF49DC0F0
:10508A00D89EF001D99EF00D1124EA0DFB1D8081F6
:10509A00813009F0C0C00CE51DE89401A101B501F9
:1050AA0088A999A90E947B4099230CF43EC0D89EF6
:1050BA00B001D99E700D11246A0D7B1DAE01445DAD
:1050CA005F4F88A999A90E946D23882321F14CA4D6
:1050DA005DA46EA47FA4A3019201EAA9FBA966813B
:1050EA007781808591850E9424741816CCF0A301DB
:1050FA009201AAA9BBA91A966D917D918D919C9155
:10510A001D970E94297488230CF06BC006EF1EE8D5
:10511A0027E33EE884C003EE1EE82CEF3DE87FC09B
:10512A0006EF1EE827E33EE87AC00EE51DE8940183
:10513A00A101B50188A999A90E947B409923ECF1A4
:10514A00D89EB001D99E700D11246A0D7B1DAE0147
:10515A00445D5F4F88A999A90E946D23882319F19C
:10516A006CA47DA48EA49FA4A4019301EAA9FBA91F
:10517A0066857785808991890E9424741816C4F0FF
:10518A00A4019301AAA9BBA952966D917D918D9113
:10519A009C9155970E942974882384F50AE11FE897
:1051AA0027E33EE83CC007E01FE82CEF3DE837C0A4
:1051BA000AE11FE827E33EE832C0B6E1EB0EF11C34
:1051CA00ECEDEE16E7E9FE0609F049CF39C00E9478
:1051DA0081744C2D6EA97FA988AD99AD0E946F4448
:1051EA0032C0AAA9BBA91296ED91FC9113974082ED
:1051FA005182628273825524539497CFAAA9BBA97C
:10520A001496ED91FC911597608271828282938245
:10521A0055245394D2CF07EC1EE82CEF3DE88BE2DD
:10522A00FE013196ADE8B6E701900D928A95E1F755
:10523A004C2D6EA97FA988AD99AD0E94F16103C07A
:10524A00552039F2C4CFE996CDBFDEBFDF91CF91A9
:10525A001F910F91FF90EF90DF90CF90BF90AF908A
:10526A009F908F907F906F905F904F903F902F907C
:02527A00089595
:10527C004F925F926F927F928F929F92AF92BF925A
:10528C00CF92EF92FF920F931F93CF93DF93CDB7F3
:10529C00DEB7C554D109CDBFDEBF2B013C0119824D
:1052AC001A821B821C821D821E821F8218861986FE
:1052BC001A861B861C8644E0BE016F5F7F4F85E417
:1052CC0092E90E9489498C0144E0BE016B5F7F4FDB
:1052DC0088E492E90E9489497C01101611061CF49D
:1052EC001816190654F00BE412E92EE532E94C2D90
:1052FC00C301B2010E94F161EEC044E0BE01675FE0
:10530C007F4F8FE692E90E9489494C01FE013D9640
:10531C0088E0DF011D928A95E9F7DE011196E01B0A
:10532C00F10B34969E012F5E3F4F8D918193E217C6
:10533C00F307D9F7DE011596FE01EE19FF097596F4
:10534C009E012B5E3F4F8D918193E217F307D9F7A6
:10535C008C891F928F938B891F928F938A891F92AE
:10536C008F9389891F928F9388891F928F938F8532
:10537C001F928F938E851F928F938D851F928F9383
:10538C0082E792E99F938F931F9284E18F937E0122
:10539C00B5E1EB0EF11CFF92EF920E94D26E9301DD
:1053AC00820140E052E06BE076E6CE0189960E94E5
:1053BC00B55C63E972E9CE0189960E94B069B701C8
:1053CC00CE0189960E947A6ACDBFDEBF18141904EB
:1053DC00DCF53E01FAE36F0E711C7E0189E0E80EEC
:1053EC00F11C8E0C9F1C83010F2EFCE9AF2EF2E9F1
:1053FC00BF2EF02D0F2EF3E05F2EF02DD7018D91E7
:10540C007D011F928F93BF92AF921F925F921F9359
:10541C000F930E94D26E080F191FCDBFDEBF8E14E2
:10542C009F0429F0C8018619970909973CF361EA92
:10543C0072E9CE0189960E94B069BE01665C7F4F0D
:10544C00CE0189960E947A6A49EA52E96CEA72E9BD
:10545C00CE0189960E94C14F44EB52E967EB72E989
:10546C00CE0189960E94C14F4EEB52E961EC72E974
:10547C00CE0189960E94445744EC52E967EC72E9DC
:10548C00CE0189960E9444574AEC52E96DEC72E9C0
:10549C00CE0189960E94445740ED52E963ED72E9C2
:1054AC00CE0189960E94445746ED52E969ED72E9A6
:1054BC00CE0189960E944457CE0189960E94AC7009
:1054CC00CE0189960E94C073882329F06C2D8BE045
:1054DC0096E60E942670CB5BDF4FCDBFDEBFDF911F
:1054EC00CF911F910F91FF90EF90CF90BF90AF9005
:0E54FC009F908F907F906F905F904F900895DB
:10550A003F924F925F926F927F928F929F92AF9249
:10551A00BF92CF92DF92EF92FF920F931F93CF9396
:10552A00DF93CDB7DEB76597CDBFDEBF6A8B7B8BC6
:10553A008C8B9D8B4A01590138010E946F74882314
:10554A0061F009E012E928E530E94C2D6A897B8986
:10555A008C899D890E94F161F5C0FF200CF4D4C0AA
:10556A0002E212E99701A301B501C4010E947B403E
:10557A009923CCF027E0289FF001299FF00D1124F0
:10558A00EA0DFB1D8081883099F4BF01C4010E9495
:10559A003D5916161706180619067CF4D62E572EEC
:1055AA00482E392E0EC0D12C512C412C312C09C039
:1055BA00D12C512C412C312C04C0D12C512C412CF2
:1055CA00312C07E212E99701A301B501C4010E9437
:1055DA007B4099230CF49CC027E0289FB001299FA7
:1055EA00700D1124F501E60FF71F8081883009F04C
:1055FA008FC0BF01C4010E943D59AB01BC01141602
:10560A001506160617060CF083C0DB01CA010091C5
:10561A00AD771091AE772091AF773091B0778D2C1E
:10562A00952CA42CB32C081519052A053B0510F452
:10563A004801590128013901481859086A087B08A4
:10564A000097A105B10539F084159505A605B7059A
:10565A0010F42A013B010A891B892C893D8940E003
:10566A0052E06BE076E6CE0101960E94B55C63EEED
:10567A0071E9CE0101960E94B069B301A201CE017F
:10568A0001960E94716B62E272E9CE0101960E9454
:10569A00B069B501A401CE0101960E94716B69EE51
:1056AA0071E9CE0101960E94B06946E150E060E0DE
:1056BA0070E0CE0101960E94716B65EF71E9CE012F
:1056CA0001960E94B0696CEF71E9CE0101960E94C1
:1056DA007A6ACE0101960E94AC70CE0101960E94B0
:1056EA00C073882329F06C2D8BE096E60E94267001
:1056FA008EEB93E50E94CF7393018201B501A40159
:10570A008C2D0E940C4E1EC0D12C512C412C312CB8
:10571A008091AD779091AE77A091AF77B091B07745
:10572A008D2C952CA42CB32C88159905AA05BB059C
:10573A0010F44C015D012C013D01481859086A0812
:10574A007B0889CF6596CDBFDEBFDF91CF911F91D0
:10575A000F91FF90EF90DF90CF90BF90AF909F9006
:0E576A008F907F906F905F904F903F900895CA
:105778002F923F924F925F926F927F928F929F9259
:10578800AF92BF92CF92DF92EF92FF921F93CF9387
:10579800DF93CDB7DEB72C97CDBFDEBF1C014A0122
:1057A8005B01122F9A01AB01C501B4010E94247458
:1057B800811114C02EE939EC4FE75FE7C501B40148
:1057C8000E942974181654F02EE939EC4FE75FEF60
:1057D800C501B4010E942474882324F4C1010E94E5
:1057E8000670D4C0173008F016E01123D9F080E015
:1057F800C12CD12C7601C394CC0CDD1CEE1CFF1CF3
:10580800B701A601440F551F661F771F440F551F88
:10581800661F771FC40ED51EE61EF71E8F5F811305
:10582800EBCF04C0C12CD12C7601C39420E030E02A
:10583800A901C501B4010E94247488233CF4240101
:10584800350177FA709477F8709402C02401350115
:1058580028E23BE64EE65FE4C301B2010E942974E8
:10586800882324F0C1010E94067090C0C301B201D0
:105878000E942F6069877A878B879C870E94B75917
:105888009B01AC01C301B2010E9426732B013C01AC
:10589800C701B6010E94B7599B01AC01C301B2010F
:1058A8000E94627420E030E040E05FE30E942773CA
:1058B8000E942F602B013C016C157D058E059F050C
:1058C80078F04C185D086E087F0889859A85AB8545
:1058D800BC850196A11DB11D89879A87AB87BC87B6
:1058E800111102C0198226C08EE28983D12E1116A9
:1058F800ECF4642D752D862D972DEE24E394F12C70
:10590800EC0EFD1EED0CF11CD7FCFA942AE030E0F9
:1059180040E050E00E94B667605DD7016C93622F4B
:10592800732F842F952FDA94D110E7CFFE01E10F62
:10593800F11D1282C1010E94A56B20E030E0A9018F
:10594800C501B4010E942474882384F489859A854A
:10595800AB85BC8584299529A629B729892B8A2B4B
:105968008B2B21F06DE2C1010E940D6649855A8595
:105978006B857C85C1010E94BB50BE016F5F7F4F64
:10598800C1010E94DD6DC1010E9457712C96CDBFE7
:10599800DEBFDF91CF911F91FF90EF90DF90CF9006
:1059A800BF90AF909F908F907F906F905F904F9037
:0659B8003F902F900895BE
:1059BE00FF920F931F93CF93DF930F92CDB7DEB766
:1059CE00082FCB01142F202F2F77F22E1982AE0124
:1059DE004F5F5F4F612F0E940157811100C12F2D24
:1059EE0030E0233031050CF0FCC0143008F0FBC061
:1059FE00113041F018F0143060F408C089818064D1
:105A0E00898307C08981806C898303C089818068FE
:105A1E00898300230CF46DC0E0E0FCE0838582FDF9
:105A2E00FDCFF901EE0FFF1FEE0FFF1FEF5BF34FE0
:105A3E0082E08083E0E0FCE0838582FDFDCFF9010A
:105A4E00EE0FFF1FEE0FFF1FE05CF34F8DEF808315
:105A5E00F901E295F295F07FFE27E07FFE27E051F7
:105A6E00FA481086118689818783F901E95CF6462A
:105A7E00808183FF20C0F901E295F295F07FFE2729
:105A8E00E07FFE27E051FA48878180628783F90123
:105A9E00E95CF646808184FF16C0F901E295F29525
:105AAE00F07FFE27E07FFE27E051FA488781806174
:105ABE00878380E00BC0F901E95CF646808184FDA6
:105ACE0004C080E003C080E001C08BEFF901E95C07
:105ADE00F646908195FD88C022953295307F32270B
:105AEE00207F3227F901E051FA4897819860978319
:105AFE007BC0E0E0FCE0838582FDFDCFF901EE0F77
:105B0E00FF1FEE0FFF1FED5BF34F82E08083E0E09F
:105B1E00FCE0838582FDFDCFF901EE0FFF1FEE0F36
:105B2E00FF1FEE5BF34F8DEF8083F901E295F29547
:105B3E00F07FFE27E07FFE27E050FA4810821182A8
:105B4E008981F901E295F295F07FFE27E07FFE272D
:105B5E00E051FA488787F901E95CF646808180FFBB
:105B6E0020C0F901E295F295F07FFE27E07FFE2737
:105B7E00E051FA48878580628787F901E95CF6462D
:105B8E00808181FF16C0F901E295F295F07FFE2724
:105B9E00E07FFE27E051FA4887858061878780E0A5
:105BAE000BC0F901E95CF646808181FD04C080E0FE
:105BBE0003C080E001C08BEFF901E95CF6469081ED
:105BCE0092FD12C022953295307F3227207F3227E8
:105BDE00F901E051FA4897859860978705C08FEFD5
:105BEE0003C08EEF01C08CEF0F90DF91CF911F910C
:065BFE000F91FF900895D5
:105C0400EF92FF920F931F93CF93DF93182F082FD8
:105C14000F77202F30E0E901CC0FDD1F87FD21969F
:105C240088230CF05BC0F901E295F295F07FFE2722
:105C3400E07FFE27E051FA48878585FF0CC0229556
:105C44003295307F3227207F3227F901E051FA481C
:105C5400248935890BC022953295307F3227207FE5
:105C64003227F901E050FA4820813181FE01EE0F1C
:105C7400FF1FCF01880F991F880F991FE80FF91F85
:105C8400EC54FA4886819781820F931F8683978309
:105C9400248135818217930779F4FE01EE0FFF1FEB
:105CA400CF01880F991F880F991FE80FF91FEC5433
:105CB400FA48818180FF05C0812F0E940930F82EA7
:105CC4007AC0CC0FDD1FCE01880F991F880F991F52
:105CD400C80FD91FCC54DA48188296C0F901E2954E
:105CE400F295F07FFE27E07FFE27E051FA48E0843A
:105CF400F184FE01EE0FFF1FCF01880F991F880F5B
:105D0400991FE80FF91FEC54FA48448155818681A4
:105D14009781BA01681B790B6E157F0508F05FC087
:105D240022953295307F3227207F3227F901E051C6
:105D3400FA48E484F5846E157F0509F450C0CC0F4D
:105D4400DD1FCE01880F991F880F991FC80FD91F17
:105D5400CC54DA4883E088830F2EF5EFFF2EF02D24
:105D640038C0FE01EE0FFF1FCF01880F991F880F67
:105D7400991FE80FF91FEC54FA48818180FF0EC087
:105D8400812F0E94844BBC01C7010E94AA6E892BFB
:105D940029F4812F0E944636F82E0DC0CC0FDD1F4A
:105DA400CE01880F991F880F991FC80FD91FCC5493
:105DB400DA48188229C0CC0FDD1FCE01880F991F45
:105DC400880F991FC80FD91FCC54DA4888818130B5
:105DD400E9F0812F8078802B0E948A6417C08E0D91
:105DE4009F1DFE01EE0FFF1F9F01220F331F220F85
:105DF400331FE20FF31FEC54FA488683978384170A
:105E0400950708F0AECFBCCFF12CE3CF8F2DDF91F7
:0C5E1400CF911F910F91FF90EF90089527
:105E20002F923F924F925F926F927F928F929F92AA
:105E3000AF92BF92CF92DF92EF92FF920F931F9398
:105E4000CF93DF93CDB7DEB72597CDBFDEBF2B0154
:105E50003C014A0159011801FF2044F40DEE1DE8F0
:105E60002CEF3DE84C2D0E94F161BDC00E946F7483
:105E7000882351F000E211E928E530E94C2DC301F7
:105E8000B2010E94F161AFC000EE1FE89701A101CD
:105E9000B501C4010E947B40992364F027E0289F4C
:105EA0008001299F100D11240A0D1B1DF80180810E
:105EB000843051F000E411E92CEF3DE84C2DC30192
:105EC000B2010E94F1618FC04AE551E9B801C401F5
:105ED0000E946E61D82E41E651E9B801C4010E94CA
:105EE0006E618D8349E651E9B801C4010E946E617B
:105EF000D11071C0FD81F11167C0811160C00FE642
:105F000011E92CEF3DE84C2DC301B2010E94F16173
:105F10006AC00CE911E99701A101B501C4010E9411
:105F20007B40992384F027E0289FB001299F700DC2
:105F300011246A0D7B1DAE014F5F5F4FC4010E94AB
:105F4000C43D81110AC007EA11E92CEF3DE84C2D50
:105F5000C301B2010E94F16146C089819A81AB817F
:105F6000BC818C529140A109B1098D359241A105A6
:105F7000B10550F007EC11E927E33EE84C2DC301D1
:105F8000B2010E94F1612FC0DD2039F06EE170E0B6
:105F900089819A810E9434710CC08D81882339F0E7
:105FA00060EC78EA89819A810E945E6A02C00E9450
:105FB00075744C2DC301B2010E94E86014C01982AF
:105FC0001A821B821C82F3CF19821A821B821C82C6
:105FD0008111E6CF9ECF19821A821B821C828823F0
:105FE00009F497CFD3CF2596CDBFDEBFDF91CF91F8
:105FF0001F910F91FF90EF90DF90CF90BF90AF90E7
:106000009F908F907F906F905F904F903F902F90D8
:026010000895F1
:10601200CF92DF92FF920F931F93CF93DF93082FBC
:106022000F7710E0E801CC0FDD1F87FD2196882352
:106032000CF0D9C0FE01EE0FFF1F9F01220F331F8C
:10604200220F331FE20FF31FEC54FA4891E09083C2
:10605200C480D58026813781C21AD30A09F051C083
:10606200FE01EE0FFF1FCF01880F991F880F991FA6
:10607200E80FF91FEC54FA48818180FF34C0F8011F
:10608200E295F295F07FFE27E07FFE27E050FA4886
:1060920010821182F801E295F295F07FFE27E07FEF
:1060A200FE27E051FA48148A158AE0E0FCE0838575
:1060B20082FDFDCF000F111F000F111FF801EE5BD3
:1060C200F34F82E08083CC0FDD1FCE01880F991F32
:1060D200880F991FC80FD91FCB54DA4888818E7F49
:1060E200888380E081C0CC0FDD1FCE01880F991F0D
:1060F200880F991FC80FD91FCC54DA48188280E044
:1061020073C0F82E0E94844BBC01F801E65CF6468F
:10611200808180FD03C06C157D0548F1FE01EE0F04
:10612200FF1FCF01880F991F880F991FE80FF91FD2
:10613200EC54FA48818180FF08C0C6010E94AA6E11
:1061420021E0892B19F020E001C020E0FE01EE0FD2
:10615200FF1FCF01880F991F880F991FE80FF91FA2
:10616200EB54FA48808120FB80F9808301C06B01E7
:10617200CC0FDD1FCE01880F991F880F991FC80F02
:10618200D91FCC54DA486A817B818E819F81680F46
:10619200791F8F2D0E948C60811126C0F801E29533
:1061A200F295F07FFE27E07FFE27E050FA48C0829A
:1061B200D182F801E295F295F07FFE27E07FFE277B
:1061C200E051FA48148A158AE0E0FCE0938592FDDA
:1061D200FDCF000F111F000F111FF801EE5BF34FEF
:1061E20092E0908301C08DEFDF91CF911F910F91CB
:0861F200FF90DF90CF900895AB
:1061FA000F931F93CF93DF93C82F8F7709F0DDC0DA
:10620A00182F8C2F0E949C62D82F8111D9C080919F
:10621A000875813009F45FC008F4CBC0823021F0E0
:10622A00833009F4BBC0CBC0C0688C2F0E949B6C22
:10623A0020E1129FF0011124E051FA4804891589DE
:10624A00080F191FC068B8018C2F0E94B36CC06870
:10625A008C2F0E94836C0817190779F5EDE0F5E792
:10626A0080819181080F191F0083118380910B751A
:10627A0090910C750817190729F480E00E94C657F7
:10628A00D82F20C0E0911175F0911275309779F0EE
:10629A00099581110CC0C0688C2F0E94CB6C60914B
:1062AA000B7570910C75C0688C2F0E946B6C8C2FCB
:1062BA0080680E940930D82F05C08C2F80680E9400
:1062CA000930D82FE0E0FCE0838582FDFDCF80E431
:1062DA008093420C75C0CF778C2F0E949B6C20E173
:1062EA00129FF0011124E051FA4800851185080F28
:1062FA00191FCF77B8018C2F0E94B36CCF778C2FE0
:10630A000E94836C08171907D9F5EDE0F5E780813B
:10631A009181080F191F0083118380910B75909149
:10632A000C750817190729F481E00E94C657D82F5F
:10633A002CC0E0911175F09112753097A9F009956A
:10634A00811112C0CF778C2F0E94CB6C60910B7594
:10635A0070910C75CF778C2F0E946B6C8C2F8F7776
:10636A000E940930D82F11C084E080930875E0EFAD
:10637A00F5E787858460878787818460878305C07E
:10638A008C2F8F770E944636D82FE0E0FCE0838579
:10639A0082FDFDCF80E48093400C12C0E09113751A
:1063AA00F0911475309709F009950E945B51D82F26
:1063BA0007C00E945B51D82F03C0DEEF01C0DBEE9D
:0C63CA008D2FDF91CF911F910F9108954E
:1063D600AFE0B0E0E1EFF1E30C94226C1C016B013D
:1063E60049835A832B83FB01828193818480958024
:1063F60000811181A680B78097FD02C00D7F02C083
:1064060081E090E0E981FA8140805180628073806A
:106416009801207133272C833D83740104FF08C043
:10642600411451046104710419F032E0E31AF108D1
:10643600F801E870FF27EE83FF8303FF03C0F1E056
:10644600EF1AF108F6010084F185E02D3197EE8709
:10645600FF87EA0DFB1D10829C012E193F09288734
:106466003987C801827099278A879B87EB818E2F8F
:10647600EE0F990B9C01215431092C873D872E85FF
:106486003F852230310530F48C819D81892B09F0BE
:1064960042C05CC0411451046104710461F18E85EF
:1064A6009F8501978E879F87C2018F7099278A30B3
:1064B600910514F4C09602C0895A9F4FEC85FD855C
:1064C6007A9748F49C012062215631092A31310518
:1064D60010F40E949F72EE85FF85EA0DFB1D8083F6
:1064E600F1E0EF1AF10884E07694679457944794A4
:1064F6008A95D1F7C4CF888599858E0D9F1D18166C
:1065060019066CF21E141F040CF0BECFEA85FB853B
:10651600EF2B29F6B9CFE981FA8180819181A28199
:10652600B381892B8A2B8B2B89F0EE85FF85EA0DAB
:10653600FB1D31972B8120838E859F8502978E8741
:106546009F87FC01EA0DFB1D80E38083EE81FF81BE
:10655600EF2B59F02E853F85215031092E873F8735
:10656600F901EA0DFB1D80E28083F6014085518525
:10657600415051092E853F85421B530BB9016A0DC7
:106586007B1D9401C1010E947C5C9C01F10180810C
:10659600918190FF06C0F60182819381821793074D
:0C65A6000CF4C9012F96E2E10C94136D77
:1065B200CF93DF9380915478882329F08091547887
:1065C20081508093547881E080934A788091537807
:1065D200813009F070C0E6E6F4E092E090838083B7
:1065E2002FEF32E547E0215030404040E1F700C054
:1065F2000000A5E6B4E09C938C932FEB34ED41E0D0
:10660200215030404040E1F700C000009083808379
:106612000E944F6790913B77992329F0C09136777A
:10662200D091377702C0C0E0D0E0823079F40E9486
:10663200B2649E01AC0165ED78E980E090E00E94D1
:10664200B94810925378109252789CC0833071F4FA
:106652009E0140E050E06AED78E980E090E00E941F
:10666200B94810925378109252788CC08091527827
:10667200883770F09E0140E050E06AED78E980E0F2
:1066820090E00E94B94810925378109252787AC0E2
:106692008F5F80935278833220F493E2981B892F84
:1066A20001C081E09E0140E050E06FED78E990E0AA
:1066B2000E94B94867C08091B1779091B277A0915A
:1066C200B377B091B477892B8A2B8B2B09F451C005
:1066D200E6E6F4E092E0908381E080832FEF32E5FA
:1066E20047E0215030404040E1F700C00000A5E6FD
:1066F200B4E09C938C932FEB34ED41E02150304079
:106702004040E1F700C0000090838083809151787F
:10671200882321F08AE297E70E94B43A8091B17708
:106722009091B277A091B377B091B4770197A10914
:10673200B1098093B1779093B277A093B377B09376
:10674200B477892B8A2B8B2B31F00E941A7481E04B
:106752008093517817C0109251788091D17790919F
:10676200D2770E94CE6A81E0809353781092527859
:1067720009C080915B78882319F00E94A10C02C0A5
:0A67820010924A78DF91CF9108953C
:10678C00DF92EF92FF920F931F93CF93DF93E0E48E
:10679C00F0E090818CB3892B8093C77480818083C7
:1067AC008DB79EB7809728E78537920741F038F070
:1067BC00E5E7F8E725EC2193E817F907E0F3A8954E
:1067CC009BE088ED84BF909300010E94206B0E9497
:1067DC00235D80E00E94BE6B0E940241C0E0D0E0CD
:1067EC000CC02196CA30D10524F081E090E00E94C3
:1067FC00094384E690E00E9499710E9433728111E2
:10680C00F0CF89E493E70E94E87380ED91E70E9452
:10681C00E37384E690E00E94997178940E94726709
:10682C000E945B7384E690E00E9499710E94B215FD
:10683C00811104C082E090E00E9409430E948D7493
:10684C0080912A76882331F020E040E060E081E0FE
:10685C000E942E1801E0C0E5D0E00F2EF8E2EF2EDA
:10686C00F6E7FF2EF02D59C0A8950E945D1A0E94E4
:10687C0013470E94CA7381110E94426D809148781F
:10688C008823C9F0109248780E9410370E946974CE
:10689C00D82E0E946C74182F0E94E072811104C0D3
:1068AC000E946F74802702C081E090E06D2D712FE3
:1068BC0081700E94B34D0E946F74882341F10E9435
:1068CC007274882359F00E94E46F0E946C5A0E94E3
:1068DC002072813011F50E94601E1FC01881197F33
:1068EC000E94C573882331F0F7018281811104C0A5
:1068FC0084E003C080E001C080E0182B18838881FD
:10690C0081608883889588818E7F888306C00E94E9
:10691C00E46F0E946C5A0E94601E809146788B3006
:10692C0008F4A2CFF89481E090E00E94094380E043
:10693C0090E0DF91CF911F910F91FF90EF90DF903E
:02694C000895AC
:10694E00AF92BF92CF92DF92EF92FF920F931F936F
:10695E00CF93DF93CDB7DEB76197CDBFDEBF8B018F
:10696E009C01E42E40E052E06BE076E6CE0101960B
:10697E000E94B55C0EE219E90F2EF7E3AF2EF9E98E
:10698E00BF2EF02D0F2EF8E2CF2EF6E7DF2EF02DD4
:10699E00F80160817181CE0101960E94B069CE012D
:1069AE0001960E94EA6A62E47DE8CE0101960E9499
:1069BE00B069F801F280F1E0FF1699F0FF1620F0B1
:1069CE0082E0F816D9F027C0F6016381CE01019658
:1069DE000E943B6C6AE47DE8CE0101960E94B0698C
:1069EE002EC0F6016581CE0101960E943B6C6AE4D1
:1069FE007DE8CE0101960E94B06927C0F60166813E
:106A0E00CE0101960E943B6C6AE47DE8CE010196B0
:106A1E000E94B06920C060E0CE0101960E943B6CDE
:106A2E006AE47DE8CE0101960E94B069F1E0FF169E
:106A3E0061F0FF1620F082E0F81213C00CC0F601D0
:106A4E0044855585668577850FC0F601448955893D
:106A5E006689778909C0F601408D518D628D738DDF
:106A6E0003C040E050E0BA01CE0101960E94716B66
:106A7E00CE0101960E94466E0D5F1F4F0A151B0533
:106A8E0009F086CF63E57DE8CE0101960E94B069DC
:106A9E00409158765091597660915A7670915B7606
:106AAE00CE0101960E94716BCE0101960E94AC70D0
:106ABE00CE0101960E94C073882329F06E2D8BE0C3
:106ACE0096E60E9426706196CDBFDEBFDF91CF9114
:106ADE001F910F91FF90EF90DF90CF90BF90AF90EE
:026AEE00089509
:106AF000CF93DF9380E094E020E8FC012483C0E49E
:106B0000D4E01C82A0E6B4E014961C92149740EAEC
:106B100054E0FA01148221EDFC01208328E028834F
:106B200023E42C9328E2FA012083FC01108A118AC5
:106B3000128A138A148A158A168A29E0278B188AE2
:106B4000198A1A8A1B8A1C8A1D8A1E8A1F8A5096D5
:106B50001C92509751961C92519752961C925297A4
:106B600053961C92539754961C92549755962C9377
:106B7000559756961C92569757961C92FA01108A72
:106B8000118A81E0828B138A148A158A168A178AE1
:106B9000E0EEF5E0118210821582178210861682CF
:106BA00012828BE994E780931578909316788CE99C
:106BB00094E780931378909314788DE994E7809309
:106BC0001178909312788EE994E780930F789093E0
:106BD00010788FE994E780930D7890930E7880EA8F
:106BE00094E780930B7890930C7881EA94E78093F4
:106BF000097890930A7882EA94E7809307789093D3
:106C0000087883EA94E7809305789093067884EA7D
:106C100094E7809303789093047885EA94E78093CF
:106C200001789093027886EA94E78093FF779093B7
:106C3000007887EA94E78093FD779093FE7788EA5F
:106C400094E78093FB779093FC7789EA94E78093AD
:106C5000F9779093FA778AEA94E78093F77790939D
:106C6000F8778BEA94E78093F5779093F6778CEA40
:106C700094E78093F3779093F4778DEA94E7809389
:0C6C8000F1779093F277DF91CF910895A7
:106C8C00CF92DF92EF92FF920F931F93CF93DF93EC
:106C9C00C82FCF77D0E07E01EE0CFF1C982F990FF8
:106CAC00E11CF11C88230CF4A7C0D82E8701000F1F
:106CBC00111FC801880F991F880F991F080F191FE2
:106CCC000C541A4881E0F8018083628173818681BB
:106CDC009781680F791F8D2D0E948C60C82E8D2D89
:106CEC000E94844BBC01F8012481358186819781F7
:106CFC00281B390BFE01E65CF646808183FD20C023
:106D0C002617370768F4FE01E295F295F07FFE270F
:106D1C00E07FFE27E051FA4887818062878310C0AC
:106D2C006217730708F49B01FE01E295F295F07F60
:106D3C00FE27E07FFE27E051FA4887818F7D87830D
:106D4C0021153105A1F4EE0CFF1CC701880F991F0A
:106D5C00880F991F8E0D9F1DFC01EB54FA48408142
:106D6C004E7F4083FC01EC54FA4810822AC0F70194
:106D7C00EE0FFF1FCF01880F991F880F991FE80F87
:106D8C00F91FEC54FA48818180FF09C0C9010E94A7
:106D9C00AA6E41E0892B09F040E0842F01C080E00D
:106DAC00EE0CFF1CF701EE0FFF1FEE0FFF1FA701EC
:106DBC004E0F5F1FFA01EB54FA48908180FB90F95B
:106DCC009083FE01E295F295F07FFE27E07FFE278F
:106DDC00E051FA481086118624873587E0E0FCE004
:106DEC00838582FDFDCFCC0FDD1FCC0FDD1FC05C7A
:106DFC00D34F82E0888304C00F2EFDEFCF2EF02DF1
:106E0C008C2DDF91CF911F910F91FF90EF90DF9020
:046E1C00CF90089576
:106E20000F93CF930E943372882331F0809146787C
:106E30008F5F8093467802C010924678B29936C030
:106E4000809145788F5F80934578833089F51092E3
:106E50002A760E947E7481E08093660483E090E04D
:106E6000A5E6B4E021E0E6E6F4E03FEF42E557E0D6
:106E7000315040405040E1F700C000002C933FEB00
:106E800044ED51E0315040405040E1F700C0000077
:106E90002083019751F7B29903C0A895B29BFDCF0B
:106EA00091E088ED84BF9093410002C01092457834
:106EB0008091A9779091AA77A091AB77B091AC77A8
:106EC0000196A11DB11D8093A9779093AA77A093F5
:106ED000AB77B093AC770E9400590E94D9320E94E0
:106EE0009E70811160C00E941C6E80914778811154
:106EF0001CC081E00E94007101E0C82FC02782E021
:106F00000E9400710827C11101C061F06091A9774A
:106F10007091AA778091AB779091AC772C2F40E05D
:106F20000E94434C8CE3809347788091477881504E
:106F300080934778B29B37C00E94F5728823D1F0C6
:106F4000E6E6F4E081E080839FEF22E537E09150B0
:106F500020403040E1F700C00000809365044FEB13
:106F600054ED91E0415050409040E1F700C00000E6
:106F7000808319C0E6E6F4E082E080832FEF32E5FB
:106F800047E0215030404040E1F700C000008093CE
:106F900065045FEB94ED21E0515090402040E1F713
:0C6FA00000C000008083CF910F91089585
:106FAC004F925F926F927F928F929F92AF92BF920D
:106FBC00CF92EF92FF920F931F93CF93DF93CDB7A6
:106FCC00DEB7A197CDBFDEBF4B015C01E0E9F0E17C
:106FDC0065EC7DE98CE191E821917B018C01E22645
:106FEC00A801970163E971E080E091E00E941670BE
:106FFC00E03A00E1F00781F7FE0139969E012F5F20
:10700C003F4F2B013C011FE041225524D201A35ECE
:10701C00B6464C914293689413F89695879577955C
:10702C0067951694D1F72E173F0759F719869501D6
:10703C00840140E052E06BE076E6CE0141960E947E
:10704C00B55C6AE87DE8CE0141960E94B06961E9C1
:10705C007DE8CE0141960E947A6A6AE97DE8CE010C
:10706C0041960E94B0696BEA7DE8CE0141960E9480
:10707C007A6A61EB7DE8CE0141960E94B06941E0ED
:10708C0050E060E070E0CE0141960E94716B62ECC2
:10709C007DE8CE0141960E94B069BE016F5F7F4FC3
:1070AC00CE0141960E947A6A6AE77DE8CE0141964C
:1070BC000E94B06961E077E7CE0141960E947A6A3E
:1070CC006EEC7DE8CE0141960E94B0690E946F740F
:1070DC00682FCE0141960E943B6CCE0141960E94D6
:1070EC00AC70CE0141960E94C073882329F06C2DA0
:1070FC008BE096E60E942670A196CDBFDEBFDF9195
:10710C00CF911F910F91FF90EF90CF90BF90AF90C8
:0E711C009F908F907F906F905F904F9008959E
:10712A004F925F926F927F928F929F92AF92BF928D
:10713A00CF92EF92FF920F931F93CF93DF93CDB726
:10714A00DEB76797CDBFDEBF4B015C013A0129016B
:10715A00A80197011982FF20C4F0C11016C00CEDD6
:10716A0012E9B201C3010E947B40992374F027E01F
:10717A00289FB001299F700D1124640D751DAE0161
:10718A004F5F5F4FC3010E943A649501840140E05A
:10719A0052E06BE076E6CE0102960E94B55CAE0143
:1071AA00495E5F4FBE016B5E7F4FCE0143960E94E0
:1071BA00F96E61EE72E9CE0102960E94B0690E94F0
:1071CA00D867AC0160E070E0CE0102960E94716B54
:1071DA0060EF72E9CE0102960E94B0690E9466745D
:1071EA00482F50E060E070E0CE0102960E94716B79
:1071FA006CEF72E9CE0102960E94B0694B895C89F4
:10720A0060E070E0CE0102960E94716B69E073E95A
:10721A00CE0102960E94B0694D895E8960E070E0F5
:10722A00CE0102960E94716B64E173E9CE01029667
:10723A000E94B0694F8950E060E070E0CE0102968A
:10724A000E94716BCE0102960E94AC70CE0102962A
:10725A000E94C073882329F06C2D8BE096E60E9469
:10726A0026708981882319F00E944463FFCF6796AC
:10727A00CDBFDEBFDF91CF911F910F91FF90EF90AD
:10728A00CF90BF90AF909F908F907F906F905F90BC
:04729A004F90089574
:10729E004F925F926F927F928F929F92AF92BF9218
:1072AE00CF92EF92FF920F931F93CF93DF93CDB7B1
:1072BE00DEB7CA5CD140CDBFDEBF2B013C014A0117
:1072CE005901A801FF200CF480C004E213E99701D4
:1072DE00B501C4010E947B4099230CF476C027E0CF
:1072EE00289FF001299FF00D1124EA0DFB1D8081CE
:1072FE00883009F06AC0BF01C4010E943D5999232C
:10730E001CF460E070E0CB014B015C0189EB881648
:10731E0081E09806A104B10444F00F2EF8EB8F2EF5
:10732E0099249394A12CB12CF02D181419041A043D
:10733E001B0454F4FE0131969F01280D391D88E778
:10734E0081932E173F07E1F7E1E0F0E0EC0FFD1F10
:10735E00E80DF91D10829301820140E052E06BE0CE
:10736E0076E6CE0186549E4F0E94B55C64E273E9C8
:10737E00CE0186549E4F0E94B069B501A401CE0184
:10738E0086549E4F0E94C66169E273E9CE0186540F
:10739E009E4F0E94B069BE016F5F7F4FCE01865433
:1073AE009E4F0E947A6ACE0186549E4F0E94AC7008
:1073BE00CE0186549E4F0E94C073882351F06C2DCF
:1073CE008BE096E60E94267004C0812C912C54010D
:1073DE00BBCFC653DE4FCDBFDEBFDF91CF911F9126
:1073EE000F91FF90EF90CF90BF90AF909F908F90A6
:0A73FE007F906F905F904F9008950C
:107408008F929F92AF92BF92CF92DF92EF92FF92AC
:107418000F931F93CF93DF9300D0CDB7DEB7E091E2
:107428004378F0914478309709F46DC0A42E962ED5
:10743800B82EE983FA83028113810E0F1F1FBE0144
:107448006F5F7F4F84E00E94EA69882E811177C0C0
:10745800E981FA81E017F10708F06CC0C12CD12C42
:107468008B2D90E09C012F5B3748790192819B110D
:1074780010C0D7019C91838198130BC060E0CF01A5
:107488000E94375F811105C0B1E0BB1510F0F7010C
:107498001082AA2009F445C0E981FA818281B812D4
:1074A80037C08381891134C06F0132C0C114D1043F
:1074B800F1F009831A8340C0811141C0E981FA8142
:1074C800E017F10798F238C0C114D10491F061E0D7
:1074D800C6010E94375F882E811132C0F1E0FB158A
:1074E80068F0EB2DF0E0EF5BF748908229C0882E1A
:1074F80027C00F2EFDED8F2EF02D22C00F2EF8ED98
:107508008F2EF02D1DC00F2EF2EE8F2EF02D18C0ED
:10751800BE016F5F7F4F84E00E94EA698D3D61F68E
:10752800C5CFBE016F5F7F4F84E00E94EA698D3D41
:1075380019F6BFCFC12CD12CA110C6CF01C0882EFF
:10754800882D0F900F90DF91CF911F910F91FF9091
:10755800EF90DF90CF90BF90AF909F908F9008955D
:107568004F925F926F927F928F929F92AF92BF924B
:10757800EF92FF920F931F93CF93DF93CDB7DEB7B0
:10758800A597CDBFDEBF7C0188E2898304E210E0C5
:107598009E012E5F3F4F41E050E0BE016F5F7F4F7D
:1075A80081E10E948371F7018687811105C01786E2
:1075B800108A118A128A72C01A8110FD0CC08E813D
:1075C8009F81A885B985F70180839183A283B383BE
:1075D80081E0878702C0F701178611FD0CC08A85F4
:1075E8009B85AC85BD85F70184839583A683B78386
:1075F80081E0808B02C0F701108A12FD3DC08E84A5
:107608009F84A888B988D501C401BF770197A0488D
:10761800BF4790F52401350120E030E0A901C501FC
:10762800B4010E9424748823A4F020E03FEF4FE7C0
:1076380057E4C501B4010E94297418166CF40F2E82
:10764800412C55245A94FFE76F2EF7E47F2EF02D36
:1076580003C0412C512C320120E030E040E05FE3D0
:10766800C301B2010E9427730E942F60F70164874B
:10767800758781E0818B02C0F701118A13FD0CC068
:107688008A899B89AC89BD89F70180879187A28700
:10769800B38781E0828B02C0F701128AA596CDBF1D
:1076A800DEBFDF91CF911F910F91FF90EF90BF90B8
:1076B800AF909F908F907F906F905F904F900895BC
:1076C8002F923F924F925F926F927F928F929F92EA
:1076D800AF92BF92CF92DF92EF92FF920F931F93D8
:1076E800CF93DF9300D0CDB7DEB7562E672E782E16
:1076F800492E322E232E49835A83262F372F482F7F
:10770800592F0E942474811162C02EE939EC4FE789
:107718005FE7652D762D872D942D0E942974181604
:107728000CF457C02EE939EC4FE75FEF652D762D45
:10773800872D942D0E94247488230CF44CC0232D8B
:10774800322D49815A81652D762D872D942D0E94E1
:10775800247488238CF02E2D3F2D402F512F652D1A
:10776800762D872D942D0E94297418164CF45E2CC2
:107778006F2C702E412E04C0532C622C79804A80C5
:10778800A6019501652D762D872D942D0E94627492
:107798006B017C0120E030E0A9010E942974882354
:1077A8002CF460E070E080E09FEB04C060E070E0E3
:1077B80080E09FE3A70196010E9427730E942D7322
:1077C800F401608371838283938381E005C080E044
:1077D80003C080E001C080E00F900F90DF91CF914F
:1077E8001F910F91FF90EF90DF90CF90BF90AF90D7
:1077F8009F908F907F906F905F904F903F902F90C9
:027808000895E1
:10780A004F925F926F927F928F929F92AF92BF92A6
:10781A00CF92EF92FF920F931F93CF93DF93CDB73F
:10782A00DEB76197CDBFDEBF2B013C014A0159018A
:10783A00A801FF2044F40DEE1DE82CEF3DE84C2D85
:10784A000E94F16161C00AE71DE89701B501C40110
:10785A000E947B4099235CF027E0289FF001299F32
:10786A00F00D1124EA0DFB1D8081843051F00BE0EC
:10787A001EE82CEF3DE84C2DC301B2010E94F161D4
:10788A0043C08381948121813281821B930B459766
:10789A0054F005E21EE827E33EE84C2DC301B2018D
:1078AA000E94F16131C025E130E041E057E7BF01B4
:1078BA00C4010E94FF5D0E943C729301820140E074
:1078CA0052E06BE076E6CE0101960E94B55C6AE76B
:1078DA007DE8CE0101960E94B06961E077E7CE01AA
:1078EA0001960E947A6ACE0101960E94AC70CE017E
:1078FA0001960E94C073882329F06C2D8BE096E6CE
:10790A000E9426700E94EC5C6196CDBFDEBFDF91BB
:10791A00CF911F910F91FF90EF90CF90BF90AF90B2
:0E792A009F908F907F906F905F904F90089588
:107938004F925F926F927F928F929F92AF92BF9277
:10794800CF92DF92EF92FF920F931F93CF93DF9323
:10795800CDB7DEB72597CDBFDEBF082F60E070E05A
:10796800CB010E94F45521E030E0AE014F5F5F4F3C
:107978000E9485571981101356C000E01A821B8295
:107988001C821D820F2EFFE44F2E55245A94F5E1D8
:107998006F2E712CF02D812C912C540173016201F2
:1079A800C818D908EA08FB08F694E794D794C7944E
:1079B800C80CD91CEA1CFB1CC701B6010E94F4556F
:1079C80021E030E0AE014F5F5F4F0E94855789810B
:1079D80018130DC0460157018FEF881A980AA80A94
:1079E800B80ACA82DB82EC82FD8201E00CC0C114B5
:1079F800D104E104F10461F02601370181E0481A5D
:107A0800510861087108481459046A047B0430F667
:107A1800002369F06A817B818C819D816F5F7F4F34
:107A28008F4F9F4F07C060E070E0CB0103C060E05C
:107A380070E0CB012596CDBFDEBFDF91CF911F91BE
:107A48000F91FF90EF90DF90CF90BF90AF909F90F5
:0C7A58008F907F906F905F904F9008958A
:107A64004F925F926F927F928F929F92AF92BF924A
:107A7400CF92EF92FF920F931F93CF93DF93CDB7E3
:107A8400DEB76597CDBFDEBF2B013C015A0149012A
:107A9400A801FF2044F40DEE1DE82CEF3DE84C2D29
:107AA4000E94F1615CC004E41EE89701B401C501C1
:107AB4000E947B40992384F027E0289FB001299FEE
:107AC400700D1124680D791DAE014F5F5F4FC50124
:107AD4000E94C43D81110AC007E41EE82CEF3DE872
:107AE4004C2DC301B2010E94F16139C069817A81D0
:107AF4008B819C810E94065881110AC00FE51EE803
:107B040027E33EE84C2DC301B2010E94F16127C076
:107B14009301820140E052E06BE076E6CE010596E7
:107B24000E94B55C64E47EE8CE0105960E94B069CB
:107B34000E94586FAB01BC01CE0105960E94716B87
:107B4400CE0105960E94AC70CE0105960E94C073CA
:107B5400882329F06C2D8BE096E60E9426706596AA
:107B6400CDBFDEBFDF91CF911F910F91FF90EF90BA
:107B7400CF90BF90AF909F908F907F906F905F90C9
:047B84004F90089581
:107B88002F923F924F925F926F927F928F929F9225
:107B9800AF92BF92CF92DF92EF92FF920F931F9313
:107BA800CF93DF939C011A01FB019081983009F073
:107BB8005BC003811481C181D281C017D1070CF049
:107BC80055C0F901EC0FFD1F908190539A3008F0D1
:107BD8004FC0C92ED12CE12CF12C2196C20FD31FF6
:107BE800020F131F812C912C54010F2EFAE04F2EF7
:107BF800512C612C712CF02D17C0899180538A303B
:107C0800C8F5C82ED12CE12CF12CC701B60160951E
:107C1800709580959095A30192010E94B6672815EA
:107C280039054A055B0540F1880C991CAA1CBB1C48
:107C3800D501C401880F991FAA1FBB1F880F991F60
:107C4800AA1FBB1F880E991EAA1EBB1E8C0C9D1C4A
:107C5800AE1CBF1CC017D10781F6F101808291824A
:107C6800A282B38281E009C080E007C080E005C03D
:107C780080E003C080E001C080E0DF91CF911F91D8
:107C88000F91FF90EF90DF90CF90BF90AF909F90B3
:107C98008F907F906F905F904F903F902F900895B6
:107CA8004F925F926F927F928F929F92AF92BF9204
:107CB800EF92FF920F931F93CF93DF93CDB7DEB769
:107CC800A597CDBFDEBF7C0188E2898304E210E07E
:107CD8009E012E5F3F4F41E050E0BE016F5F7F4F36
:107CE80080E10E948371F7018683811103C01782A6
:107CF800108651C08A8180FD0CC04E815F816885E5
:107D08007985F701428353836483758391E0908773
:107D180002C0F701108681FD3CC08A849B84AC8434
:107D2800BD84D501C401BF770197A048BF4788F536
:107D38002401350120E030E0A901C501B4010E9409
:107D4800247488239CF020E030E042E852E4C50126
:107D5800B4010E942974181664F40F2E412C512C7A
:107D6800F2E86F2EF2E47F2EF02D03C0412C512C47
:107D7800320120E030E04AE754E4C301B2010E9436
:107D880062740E942F60F7016083718381E08783AA
:107D980002C0F7011782A596CDBFDEBFDF91CF9154
:107DA8001F910F91FF90EF90BF90AF909F908F9091
:0A7DB8007F906F905F904F90089548
:107DC200BF92CF92DF92EF92FF920F931F93CF93C6
:107DD200DF93EB0155230CF45CC0461757070CF0F8
:107DE2005AC067E0649F9001659F300D1124FC0129
:107DF200E20FF31F6081613009F04FC0BA016F5F7B
:107E02007F4FE580F6801E141F040CF048C06C17EB
:107E12007D070CF046C06F5F7F4F6C177D070CF03B
:107E220042C0295F3F4FFC01E20FF31F2081243043
:107E3200E1F52581368121303105C9F58C01C12C4E
:107E4200D12C0F2EF7E0BF2EF02D14C0BC016F5FB6
:107E52007F4F6C177D076CF5B89EF001B99EF00D4F
:107E62001124E00FF11F8081843029F585819681EC
:107E7200019719F5AE01C8010E94F4592FEFC21AF9
:107E8200D20ACE14DF04D9F08C179D07FCF281E0F0
:107E920017C080E015C080E013C080E011C081E00F
:107EA2000FC081E00DC080E00BC080E009C080E01F
:107EB20007C080E005C080E003C080E001C081E02F
:107EC200DF91CF911F910F91FF90EF90DF90CF90B4
:047ED200BF900895C0
:107ED600CF92DF92EF92FF920F931F93CF93DF9390
:107EE600CDB7DEB70BA11CA12DA13EA18B859C852C
:107EF600013011052105310509F467C00630110569
:107F060021053105B0F4E5E0F0E0BF010E94BE6E48
:107F16006F01C81AD90AC601092E000CAA0BBB0BA1
:107F260068017901C81AD90AEA0AFB0AC701B6012B
:107F36004EC00B30110521053105B0F4EAE0F0E042
:107F4600BF010E94BE6E7F01E81AF90AC701092E19
:107F5600000CAA0BBB0B68017901C81AD90AEA0AF8
:107F6600FB0AC701B60133C00F31110521053105E2
:107F7600B0F4EEE1F0E0BF010E94BE6E7F01E81AA8
:107F8600F90AC701092E000CAA0BBB0B680179017F
:107F9600C81AD90AEA0AFB0AC701B60118C0ECE3F7
:107FA600F0E0BF010E94BE6E7F01E81AF90AC70120
:107FB600092E000CAA0BBB0B68017901C81AD90A55
:107FC600EA0AFB0AC701B60102C0C901B801DF917E
:107FD600CF911F910F91FF90EF90DF90CF90089572
:107FE600EF92FF920F931F93CF93DF9300D0CDB7FD
:107FF600DEB7962F8A017901883040F4863008F082
:108006005EC0813031F08230C9F03FC08F3049F117
:108016003CC0E0913F78F0914078309709F459C020
:1080260080819181DA018D939C930190F081E02DFE
:10803600808190E0F9018083918349C0BE016F5F22
:108046007F4F892F0E94155081113AC0E981FA812C
:10805600D801ED93FC9382819381F701808391830C
:1080660036C0E0913F78F091407884819581009701
:1080760091F1DA018D939C930480F581E02D828144
:108086009381F9018083918322C0803230F120915F
:1080960043783091447829833A83BE016F5F7F4FDE
:1080A6000E94EA6981110CC0E981FA81D801ED9339
:1080B600FC93808190E0F7018083918308C082E081
:1080C600D8011D921C92F7011082118208C080E02F
:1080D60006C082EEF5CF82E0F3CF8EEDF1CF0F90A2
:1080E6000F90DF91CF911F910F91FF90EF90089520
:1080F6005F926F927F928F929F92AF92BF92CF9232
:10810600DF92EF92FF920F931F93CF93DF933C0181
:1081160033230CF44CC0241735070CF04BC087E012
:10812600829FF001839FF00D1124E60FF71F8081D7
:10813600813009F042C0C9010196A580B6801A14A3
:108146001B04F4F584179507F4F5E9012296C41784
:10815600D507E4F548018A016B01E12CF12C0F2EBD
:10816600F7E05F2EF02D05C0EC012196C017D10770
:1081760084F5589EB001599E700D11246C0D7D1D1D
:10818600A401C3010E946E61811128C0A801BE012D
:10819600C6010E94F4592FEFE21AF20AEA14FB0410
:1081A600D9F08017910704F3CFEFDFEF17C0CFEFB9
:1081B600DFEF14C0CFEFDFEF11C0CFEFDFEF0EC060
:1081C600CFEFDFEF0BC0CFEFDFEF08C0CFEFDFEF72
:1081D60005C0CFEFDFEF02C0CFEFDFEFCE01DF91BB
:1081E600CF911F910F91FF90EF90DF90CF90BF90AE
:0E81F600AF909F908F907F906F905F90089554
:1082040080E094E10E948774853561F10E94DA71FF
:108214000E94F9680E94E4710E94DA6845E150E026
:108224006DE774E180EC98E90E9438560E9432743C
:108234008111FCCF60916F7882E994E10E94706DA6
:108244000E9432748111FCCF66E481E094E10E94C3
:10825400706D0E9432748111FCCF65E580E094E179
:108264000E94706D4BE250E062E074E18DE896E7A5
:108274000E943B683091B776EDE8F6E747EB56E7A6
:108284008FEF21E39191892798E088231CF4880FCC
:10829400822701C0880F9150C1F74E175F0791F7ED
:1082A40038130E94DA7145E350E068E474E188E22F
:1082B40096E70E943B6830915C76E8E2F6E74CE58D
:1082C40056E78FEF21E39191892798E088231CF4E6
:1082D400880F822701C0880F9150C1F7E417F50772
:1082E40091F738130E94E47182E994E10E94877443
:1082F40080936F7845E150E06DE774E181E097E7A2
:0A8304000E943B681092157708955F
:10830E00CF9381E080930B0C80910875843009F433
:10831E0076C0E0E0FCE0838582FDFDCF80E18093B6
:10832E00400CE0E0FCE0838582FDFDCF80E1809390
:10833E00420CE0EFF5E7108A118A148A158A14862A
:10834E0015861086118688E0E8ECF4E7A5E1B5E71E
:10835E0001900D928A95E1F7E0910F75F0911075ED
:10836E00309709F44EC085E195E70995823069F49E
:10837E0084E080930875E0EFF5E787858460878752
:10838E0087818460878380E03DC081113BC08091EE
:10839E000B7590910C75892B21F481E00E94C657C4
:1083AE0031C010920D7510920E75C0E0C0688091AC
:1083BE001575882324F482E0809308750BC06091B4
:1083CE00097570910A758C2F0E948C60CF7781E0B1
:1083DE00809308758C2F0E94CB6C609109757091FB
:1083EE000A758C2F0E94536C60910B7570910C75F1
:1083FE008C2F0E946B6C8C2F0E94FD3003C080E08E
:08840E0001C08AEECF91089530
:10841600E0913178F0913278EE0FFF1FE55FF74972
:10842600108211828091010882FF12C0E09131789A
:10843600F0913278EE0FFF1FE55FF7498081826089
:108446008083E0912978F0912A78309709F0099590
:108456008091010881FF0CC0EBE2F8E78081816022
:108466008083E0912578F0912678309709F0099578
:108476008091010886FF12C0E0913178F091327840
:10848600EE0FFF1FE55FF749808184608083E091EE
:108496002778F0912878309709F0099540910008DF
:1084A60080913178909132780196992720912F7892
:1084B6003091307882179307A1F0E0913178F091EE
:1084C6003278E553FF484083809331789093327831
:1084D60080912D7890912E78019680932D789093A7
:1084E6002E78E0911D78F0911E78309709F0099565
:1084F60080912D7890912E788E3F910520F480E41E
:0E85060080936604089580E4809365040895D0
:10851400FF920F931F93CF93DF9300D0CDB7DEB7B5
:1085240020913F7830914078232B09F460C0F82ED5
:10853400E0914378F0914478309709F45CC0E98382
:10854400FA830481002309F456C0BE016F5F7F4F94
:1085540084E00E94EA69182F811150C0A981BA8170
:1085640012968C911297E82FF0E0EF5BF748208188
:1085740013969C91291308C040E060E00E94043ADD
:10858400182F015081113AC00111DFCF34C010926D
:1085940043781092447810E031C063E478E78F2D7B
:1085A4000E941550182F811129C0E0914378F09151
:1085B4004478E983FA830481002301F1BE016F5FEB
:1085C4007F4F84E00E94EA69182F811117C0E98166
:1085D400FA818381811108C041E060E082810E94B8
:1085E400043A0150811105C00111E8CF07C012EE11
:1085F40005C0182F03C0FF2051F2CFCF812F0F9059
:0E8604000F90DF91CF911F910F91FF9008957D
:10861200EF92FF920F931F93CF9330E028ED24BF88
:10862200309300018130910519F0029739F162C04F
:1086320006E614E0C1E00F2EF5E6EF2EF4E0FF2E81
:10864200F02DF801C083FFEF22E587E0F1502040D2
:108652008040E1F700C00000F701C083FFEB24ED8A
:1086620081E0F15020408040E1F700C00000F801B5
:10867200C08388EB9BE00E949971E3CF06E614E089
:10868200C1E00F2EF5E6EF2EF4E0FF2EF02DF801FB
:10869200C083FFEF22E587E0F15020408040E1F700
:1086A20000C00000F701C083FFEB24ED81E0F15030
:1086B20020408040E1F700C00000F801C083FFEFD6
:1086C20022E587E0F15020408040E1F700C0000041
:1086D200F701C083FFEB24ED81E0F15020408040A0
:1086E200E1F700C00000F801C08388EB9BE00E9424
:1086F2009971CDCFCF911F910F91FF90EF90089577
:108702008F929F92AF92BF92EF92FF920F931F931D
:10871200CF93DF93CDB7DEB76197CDBFDEBF4901FF
:108722005A01AB01BC01CE0101960E94BB68CE0189
:1087320001960E94EA6A61EA78E9CE0101960E94F6
:10874200B06941E050E060E070E0CE0101960E9425
:10875200716B63EA78E9CE0101960E94B069B501B6
:10876200A401CE0101960E94C6616DEA78E9CE01AC
:1087720001960E94B069CE0101960E94EA6A63EBFB
:1087820078E9CE0101960E94B069B801CE01019646
:108792000E947A6A68EB78E9CE0101960E94B0697C
:1087A200B701CE0101960E947A6ACE0101960E941B
:1087B200466ECE0101960E94466ECE0101960E943F
:1087C2002E748F81811103C08D819E8102C080E051
:1087D20090E06196CDBFDEBFDF91CF911F910F91E7
:0E87E200FF90EF90BF90AF909F908F90089502
:1087F000CF92DF92FF920F931F93CF93DF93CDB76A
:10880000DEB7A297CDBFDEBF8C016B01FA011982E2
:108810001A821B821C821D82AE014A5F5F4FBE011D
:108820006B5F7F4FCE0101960995F82EB601C80106
:108830000E94B069C8010E94EA6A60E67DE8C8014A
:108840000E94B0696F2DC8010E943B6CFF20C9F1E6
:108850008C818F938B818F938A818F9389818F9362
:108860008AE69DE89F938F931F928CE08F936E0111
:1088700087E1C80ED11CDF92CF920E94D26E60E7D2
:108880007DE8C8010E94B069B601C8010E947A6AF9
:108890006AE77DE8C8010E94B069BE016A5F7F4F48
:1088A000C8010E947A6A6FE77DE8C8010E94B0693A
:1088B0004D8150E060E070E0C8010E94716BCDBF57
:1088C000DEBFC8010E94466EA296CDBFDEBFDF911B
:0E88D000CF911F910F91FF90DF90CF900895F0
:1088DE00DF92EF92FF920F931F93CF93DF93CDB75B
:1088EE00DEB76197CDBFDEBF8B019C01D42E40E079
:1088FE0052E06BE076E6CE0101960E94B55C0EE684
:10890E0017E90F2EFCEDEF2EF7E9FF2EF02DD80113
:10891E006D917C91CE0101960E94B069CE010196B7
:10892E000E94EA6A6CE57DE8CE0101960E94B0696C
:10893E00D8011296ED91FC9113974081518162817D
:10894E00738123E0CE0101960E94BC2B6EE57DE87B
:10895E00CE0101960E94B069D8011496ED91FC915A
:10896E001597408151816281738123E0CE0101967A
:10897E000E94BC2BCE0101960E94466E0A5E1F4FCE
:10898E000E151F0521F6CE0101960E94AC70CE0188
:10899E0001960E94C073882329F06D2D8BE096E618
:1089AE000E9426706196CDBFDEBFDF91CF911F91E1
:0A89BE000F91FF90EF90DF900895F5
:1089C800CF93DF930E947F73882349F00E944A74F3
:1089D800E0912277F0912377309709F009950E946A
:1089E800FC73882321F10E944E74E0912477F09162
:1089F8002577309709F00995D0E0C0E080E0D0688D
:108A080081114AC0D0788C2F8F77D82B8D2F0E9458
:108A1800866DDF77811103C08D2F0E94866DCF5F31
:108A2800CF77C33061F70E941873C82F01C0C0E028
:108A38000E948D72882359F00E941F730E94246A35
:108A4800882321F00E948B6BC82F01C0C0E00E94D0
:108A58008573882349F00E945274E0912677F0913B
:108A68002777309709F009950E948B73882349F07E
:108A78000E945674E0912877F0912977309709F091
:108A880009950E949173882349F00E945A7480E0E6
:108A98000E94CF5BC82F02C0DF77C1CF8C2FDF9138
:048AA800CF910895CD
:108AAC00A2E0B0E0ECE5F5E40C94226C3C016B0127
:108ABC00FB0122813381A480B580808191818983DF
:108ACC009A8386809780FA0120803180428053807F
:108ADC00B201A10157FE07C044275527BA0142191C
:108AEC0053096409750937FD03C08D7F89839A8307
:108AFC00950157FC05C0898182FD02C083FF02C02D
:108B0C0021503109CE0101967C010AE010E0C6012A
:108B1C000E94BD4A57FC03C0298122FF0AC001975D
:108B2C00F401E80FF91F57FC02C02BE209C02DE23B
:108B3C0007C023FF06C00197F401E80FF91F20E2DC
:108B4C00208309811A81F6014085518541505109D4
:108B5C00481B590BB401680F791F9501C3010E9482
:108B6C007C5C9C01F3018081918190FF06C0F60131
:108B7C0082819381821793070CF4C9012296E2E15A
:048B8C000C94136DC5
:108B9000EF92FF920F931F93CF93FB01C081CC23E1
:108BA00009F45FC07C018B010F5F1F4FC23249F493
:108BB0006CE5C7010E940D6662E2C7010E940D6666
:108BC0004BC0CC3549F46CE5C7010E940D666CE5DD
:108BD000C7010E940D6640C0CA3049F46CE5C70168
:108BE0000E940D666EE6C7010E940D6635C0CD304D
:108BF00049F46CE5C7010E940D6662E7C7010E9457
:108C00000D662AC0C93049F46CE5C7010E940D66A3
:108C100064E7C7010E940D661FC0C032C8F46CE84B
:108C200078E9C7010E94DD6DEC2FE295EF70F0E06E
:108C3000E550F7466081C7010E940D66CF70EC2FAA
:108C4000F0E0E550F7466081C7010E940D6604C060
:108C50006C2FC7010E940D66F801C1918F01C111EF
:0E8C6000A5CFCF911F910F91FF90EF90089537
:108C6E0010C00E943B7358F00E94347340F029F4F8
:108C7E005F3F29F00C94AF7351110C9443730C9415
:108C8E0090740E94946768F39923B1F3552391F37E
:108C9E00951B550BBB27AA2762177307840738F05D
:108CAE009F5F5F4F220F331F441FAA1FA9F335D0BA
:108CBE000E2E3AF0E0E832D091505040E695001C6E
:108CCE00CAF72BD0FE2F29D0660F771F881FBB1F28
:108CDE00261737074807AB07B0E809F0BB0B802D06
:108CEE00BF01FF2793585F4F3AF09E3F510578F032
:108CFE000C94AF730C9443735F3FE4F3983ED4F33C
:108D0E00869577956795B795F7959F5FC9F7880F05
:108D1E00911D9695879597F90895E1E0660F771F57
:108D2E00881FBB1F621773078407BA0720F0621BE8
:0E8D3E00730B840BBA0BEE1F88F7E0950895B7
:108D4C00CF92DF92EF92FF920F931F93CF93DF930B
:108D5C006C017B018EE70E944F65C7010E96892F2F
:108D6C000E944F658EE08E0D0E944F6580E10E943F
:108D7C004F6510926878809169788F5F19F08093B5
:108D8C00697803C081E080936978809169780E944A
:108D9C004F65C0916978C05F0C2F10E0C8E0D0E03F
:108DAC0080E00E944F652197D9F78FEF0E944F65A5
:108DBC00E801C150DF4F8EEF0E944F65DD27C25096
:108DCC00DF4FDD2780E00E944F6580E00E944F65F9
:108DDC001E141F048CF48601CE0CDF1C7801F801E4
:108DEC0081918F010E944F65F7019081C90FD11DB0
:108DFC00DD27C016D10691F78C2F80950E944F6508
:108E0C0088EC90E00E940967DF91CF911F910F9140
:0A8E1C00FF90EF90DF90CF900895D3
:108E26006F927F928F929F92AF92BF92CF92DF9274
:108E3600EF92FF920F931F93CF93DF9380915C780D
:108E4600811149C00AE016E60F2EF7E0EF2EF4E690
:108E5600FF2EF02D0F2EF5E0AF2EF2E6BF2EF02DF1
:108E66000F2EF4E0CF2EF2E6DF2EF02D0F2EF2E0DD
:108E76008F2EF0E69F2EF02D0F2EF8E06F2EF4E6E3
:108E86007F2EF02DF801808181110BC0F7018081C2
:108E960081110AC0F60180818823E9F062E0E401CD
:108EA60005C060E0E30102C061E0E50180915C7805
:108EB6008F5F80935C78CE010E94357080915C78DC
:108EC600815080935C78FE01FE5F10821182CE5F36
:108ED600DD4F1882D7CFDF91CF911F910F91FF9071
:108EE600EF90DF90CF90BF90AF909F908F907F9044
:048EF6006F900895DC
:108EFA000FC00E94347338F00E943B7320F0952310
:108F0A0011F00C94AF730C94907411240C94437365
:108F1A000E94946770F3959FC1F3950F50E0551F17
:108F2A00629FF001729FBB27F00DB11D639FAA27B4
:108F3A00F00DB11DAA1F649F6627B00DA11D661F03
:108F4A00829F2227B00DA11D621F739FB00DA11D24
:108F5A00621F839FA00D611D221F749F3327A00DDE
:108F6A00611D231F849F600D211D822F762F6A2F7A
:108F7A0011249F5750409AF0F1F088234AF0EE0FDF
:108F8A00FF1FBB1F661F771F881F91505040A9F70C
:108F9A009E3F510580F00C94AF730C9443735F3F6E
:108FAA00E4F3983ED4F3869577956795B795F79548
:108FBA00E7959F5FC1F7FE2B880F911D96958795C0
:048FCA0097F9089576
:108FCE008F929F92AF92BF92CF920F931F93CF9398
:108FDE00DF934B015C01CC2041F00CEA10E928EC48
:108FEE0030E94C2D0E94F1614AC00E946F748823B3
:108FFE0051F00EED10E928E530E940E0C501B4016D
:10900E000E94F1613CC081E0809365040E940D7165
:10901E00C0E0D0E00EC0A8950E94E46F0E946C5A8A
:10902E008AE090E00E9499712196C83C8FEAD80799
:10903E0029F00E9453708111EECF0DC081E0809314
:10904E00660402EF10E922E131E940E0C501B40106
:10905E000E94F16114C081E08093660480936F7862
:10906E000E9478711092AD771092AE771092AF7712
:10907E001092B07740E0C501B4010E94E860DF9124
:10908E00CF911F910F91CF90BF90AF909F908F90E7
:02909E00089533
:1090A000CF92DF92EF92FF920F931F93CF93DF93B4
:1090B00000D0CDB7DEB700913F7810914078D8014D
:1090C0001696ED91FC911797309709F444C08823C8
:1090D00041F00280F381E02D6E177F0789F082E076
:1090E0003DC0DA01ED93FC93D8011696ED91FC9109
:1090F0001797808190E0F9018083918380E02EC0F2
:10910000D80118966D917C9119976115710529F117
:1091100079016A01082F69837A83813071F0C8F080
:1091200011E0BE016F5F7F4F83E00E94EA691F5F1D
:109130000113F7CF811112C001C080E0E981FA81EB
:10914000D601ED93FC93208130E0F7012083318339
:1091500005C081E003C082E001C082EE0F900F9055
:10916000DF91CF911F910F91FF90EF90DF90CF9003
:02917000089560
:10917200AF92BF92CF92DF92EF92FF920F931F9323
:10918200CF93DF93CDB7DEB76197CDBFDEBF5C0172
:109192006B017A01890163EE76E9CE0101960E94A4
:1091A2007A596CEF76E9CE0101960E94B069A50169
:1091B20060E070E0CE0101960E94716B68E077E991
:1091C200CE0101960E94B069B601CE0101960E94BD
:1091D2007A6A6EE077E9CE0101960E94B069A70132
:1091E200FF0C660B770BCE0101960E94C6616DE102
:1091F20077E9CE0101960E94B069A80160E070E0B3
:10920200CE0101960E94716BCE0101960E94BA7046
:10921200CE0101960E94C073882321F08BEC9DE65B
:109222000E946D716196CDBFDEBFDF91CF911F911C
:109232000F91FF90EF90DF90CF90BF90AF90089585
:10924200CF93DF93DC01F90168387105F1F05CF42A
:109252006138710561F164387105A1F160387105F9
:1092620009F051C02FC0603C710509F441C0603F54
:109272007105F1F1603A710509F045C0C081D181F3
:10928200CE0102968083918325C0C081D181CE0117
:10929200029680839183452B39F04881042E000C7D
:1092A200550B660B770B1CC0488150E029C0C0816A
:1092B200D181CE01049680839183488159816A814C
:1092C2007B810EC0C081D181CE01029680839183C1
:1092D200452BA1F048815981052E000C660B770BB6
:1092E2004D935D936D937C93139781E090E00DC055
:1092F200C081D181CE0102968083918348815981B8
:1093020060E070E0EDCF80E090E0DF91CF910895D2
:10931200AF92BF92CF92DF92EF92FF920F931F9381
:10932200CF93DF938C016B01A42E0E94F967B82EB4
:1093320010925E7820E040E050E061E0C8010E94B7
:109342004352CCE2D1E00F2EF3EDEF2EF7E7FF2EE2
:10935200F02D0E945D1A80915E788823F9F0F70162
:109362009081F8018081981319C0F7019181F80169
:109372008181981313C08091607881111AC0C091C5
:109382005F78AC1608F4CA2DD0E0AE016CE777E73F
:10939200C6010E94C5711C2FCD2F0DC08FE697E12B
:1093A2000197F1F700C00000219799F61FEFCFEF68
:1093B20002C01FEFCFEFB11003C080916578811119
:1093C2000E94E772812F9C2FDF91CF911F910F9105
:0E93D200FF90EF90DF90CF90BF90AF90089586
:1093E00011C00E94347338F00E943B7320F039F4AE
:1093F0009F3F19F426F40C9490740EF4E095E7FB6B
:109400000C94AF73E92F0E94946758F3BA17620760
:1094100073078407950720F079F4A6F50C9442733E
:109420000EF4E0950B2EBA2FA02D0B01B90190017F
:109430000C01CA01A0011124FF27591B99F0593FC3
:1094400050F4503E68F11A16F040A22F232F342F0B
:109450004427585FF3CF469537952795A795F04059
:109460005395C9F77EF41F16BA0B620B730B840B6E
:10947000BAF09150A1F0FF0FBB1F661F771F881F26
:10948000C2F70EC0BA0F621F731F841F48F487957E
:1094900077956795B795F7959E3F08F0B0CF939570
:0E94A000880F08F09927EE0F9795879508958D
:1094AE008F929F92AF92BF92EF92FF920F931F9364
:1094BE00CF93DF9300D00F92CDB7DEB77C011B8226
:1094CE0002E010E09E012F5F3F4F41E050E0BE01F1
:1094DE006D5F7F4F87E40E948371182F8823B9F147
:1094EE000981802F82958F70282F30E02C30310526
:1094FE006CF561E070E002C0660F771F8A95E2F7A7
:10950E0080E090E00E94B7592AE037ED43E25CE339
:10951E000E9462744B015C010F70602F70E0762F19
:10952E0066278A81680F711D072E000C880B990B18
:10953E000E94B9599B01AC01C501B4010E9462742D
:10954E00F701608371838283938301C010E0812FC2
:10955E002396CDBFDEBFDF91CF911F910F91FF906C
:0C956E00EF90BF90AF909F908F900895F9
:10957A00A0E0B0E0E3ECFAE40C94246CDC012801EE
:10958A001696AD90BC901797F7018081918112963B
:10959A00ED91FC9113971896CD91DC91199721972B
:1095AA00F7FF02C0E1E0F0E0CA0DDB1D1882690195
:1095BA00A1E0B0E08F01021B130B4C01F2E08F22F5
:1095CA009924052C000C66087708CE018A199B0994
:1095DA00CA15DB0519F1411551056105710589F0B7
:1095EA00CB01BA01A30192010E94B667CA01A62F54
:1095FA00B72F605D6A9341E0C41AD108A901BC0182
:10960A00E4CF98012C0D3D1D121613064CF31C14C1
:10961A001D0434F48114910419F702C080E090E02B
:10962A00AB2B31F4F701208131812F7E20833183E6
:0A963A00CDB7DEB7E0E10C94156D2A
:109644000F931F93CF93DF9300D000D0CDB7DEB735
:109654008C01DC011296EC91129713968C91803454
:1096640050F0E0911C77F0911D77309709F43FC0DA
:10967400C80109953FC0803248F0E0911E77F0910F
:109684001F773097B1F1C801099534C01B821C8241
:1096940019821A82833079F4D80114966D917C91E1
:1096A40015979E012F5F3F4FAE014D5F5F4F8E2F89
:1096B4000E94504809C09E012F5F3F4FAE014D5F8D
:1096C4005F4F6E2F0E94F33F811114C0F801868111
:1096D400978129813A818217930710F489839A83A9
:1096E40069817A818B819C810E94096C03C082E02C
:1096F40001C082E02496CDBFDEBFDF91CF911F91E0
:049704000F91089524
:10970800982F9F7788233CF1892F90E0FC01E29500
:10971800F295F07FFE27E07FFE27E051FA48278187
:10972800207C203C61F482959295907F9827807FD9
:109738009827FC01E051FA489781977032C08295CA
:109748009295907F9827807F9827FC01E051FA48EE
:109758009781937026C0892F90E0FC01E295F295DD
:10976800F07FFE27E07FFE27E051FA482785207C1E
:10977800203C61F482959295907F9827807F982766
:10978800FC01E051FA48978597700BC08295929535
:10979800907F9827807F9827FC01E051FA489785A9
:1097A8009370973051F028E030E0A90102C0440FCF
:1097B800551F9A95E2F7CA0108958FEF93E008952F
:1097C800BF92CF92DF92EF92FF920F931F93CF93A6
:1097D800DF936C018B01B42E8EE70E944F65C801A0
:1097E8000396892F0E944F6583E0800F0E944F6582
:1097F8008DE20E944F65BB2079F0109268788091C5
:1098080069788F5F19F08093697803C081E080934D
:109818006978C091697801C0C0E08C2F0E944F65BB
:1098280081E00E944F65C35DD0E02196DD271016C8
:1098380011068CF47601C00ED11E8701F7018191C3
:109848007F010E944F65F8019081C90FD11DDD2766
:10985800EC14FD0491F78C2F80950E944F65BB2076
:1098680021F088EC90E00E940967DF91CF911F9169
:0E9878000F91FF90EF90DF90CF90BF9008957A
:10988600BF92CF92DF92EF92FF920F931F93CF93E7
:10989600DF93CDB7DEB76197CDBFDEBF6B017C012D
:1098A600142FB22E67E377E9CE0101960E947A590A
:1098B6006DE377E9CE0101960E94B069B701A60172
:1098C600CE0101960E94716B66E477E9CE0101969E
:1098D6000E94B069612FCE0101960E943B6C6EE436
:1098E60077E9CE0101960E94B06961E077E7CE0183
:1098F60001960E947A6ACE0101960E94BA70CE0144
:1099060001960E94C073882361F0BB2021F08BEC86
:109916009DE60E948F52002321F08BEC9DE60E946B
:1099260069506196CDBFDEBFDF91CF911F910F9138
:0C993600FF90EF90DF90CF90BF9008955D
:109942001F920F920FB60F9211242F933F934F93B2
:109952005F936F937F938F939F93AF93BF93EF9395
:10996200FF931D9B05C0E0911578F091167809953B
:109972001C9B05C0E0911378F091147809951E9B09
:1099820005C0E0911178F09112780995199B05C0F4
:10999200E0910B78F0910C780995189B05C0E09145
:1099A2000978F0910A7809951B9B05C0E09103782C
:1099B200F091047809951A9B05C0E0910178F09125
:1099C200027809951F9B05C0E091FB77F091FC7727
:1099D20009958FEF83B9FF91EF91BF91AF919F915D
:1099E2008F917F916F915F914F913F912F910F9046
:0899F2000FBE0F901F901895A5
:1099FA008F929F92AF92BF92CF92EF92FF920F9364
:109A0A001F93CF93DF93CDB7DEB76197CDBFDEBF8C
:109A1A004B015C010E9442617C019501840140E096
:109A2A0052E06BE076E6CE0101960E94B55C66EDE7
:109A3A007DE8CE0101960E94B069A70160E070E05E
:109A4A00CE0101960E94716B61EE7DE8CE0101960E
:109A5A000E94B06961E088E0E81687E0F80608F03D
:109A6A0060E0CE0101960E943B6CCE0101960E94F5
:109A7A00AC70CE0101960E94C073882329F06C2D28
:109A8A008BE096E60E9426706196CDBFDEBFDF911D
:109A9A00CF911F910F91FF90EF90CF90BF90AF9011
:069AAA009F908F900895CB
:109AB000CF93DF938BE092E480931F78909320788C
:109AC0008DE693E68093237890932478C0E0D8E0E5
:109AD00081E493E08887998780ED8D8380EC8E8385
:109AE00083E08F831B861C861E861D868EEA94E784
:109AF0008093297890932A788FEA94E78093277847
:109B00009093287880EB94E780932578909326783B
:109B10008AE191E70E94DE7310922B7810922C78E4
:109B200010923778109238781092357810923678F3
:109B300080E091E0809333789093347881E0809353
:109B40007278109231781092327810922F781092A9
:109B5000307810922D7810922E788D8180688D83C8
:069B6000DF91CF91089592
:109B6600711106C0811104C080916378882339F091
:109B76000E945B731092D9771092DA77089561117B
:109B860007C00E9462711092D9771092DA77089511
:109B96008091D9779091DA7701968093D9779093CF
:109BA600DA7720916478222369F12FC020E040E023
:109BB60050E061E089E295E90E9443521092D9771C
:109BC6001092DA77809164788823A9F00E945B73FB
:109BD6008091DB779091DC7701968093DB77909389
:109BE600DC774E97A9F482E00E940C6F1092DB7727
:109BF6001092DC7708951092DB771092DC770E9442
:109C060062710895CC9790F6F6CF0A97F8F2CECF08
:029C16000895AF
:109C18008F929F92AF92BF92CF92DF92EF92FF9274
:109C28000F931F93C090AD77D090AE77E090AF7749
:109C3800F090B077460157014C155D056E057F051C
:109C480010F44A015B01011511052105310589F060
:109C5800B701A601481959096A097B0904171507AC
:109C68002607370730F468017901C80CD91CEA1CAB
:109C7800FB1C809370788092C1779092C277A092F3
:109C8800C377B092C477C092BD77D092BE77E09286
:109C9800BF77F092C0778092C5779092C677A092EE
:109CA800C777B092C87781E0809371781F910F9140
:109CB800FF90EF90DF90CF90BF90AF909F908F90E4
:029CC8000895FD
:109CCA00A2E0B0E0EBE6FEE40C94266C4C016B01DA
:109CDA00FB0122813381648075808081918189832F
:109CEA009A83A680B78037FD03C08D7F89839A83C4
:109CFA00FA014081518162817381CE0101967C0112
:109D0A0008E010E09301C6010E94BD4A298124FFA0
:109D1A0006C00197F501E80FF91F20E32083298186
:109D2A0023FF06C00197F501E80FF91F20E22083FF
:109D3A0009811A81F6014085518541505109481B14
:109D4A00590BB501680F791F9301C4010E947C5C0D
:109D5A009C01F4018081918190FF06C0F601828105
:109D6A009381821793070CF4C9012296EEE00C94B2
:029D7A00176D63
:109D7C00CF920F931F93CF93DF93CDB7DEB761973D
:109D8C00CDBFDEBF8B019C0140E052E06BE076E67C
:109D9C00CE0101960E94B55C63EE71E9CE0101968D
:109DAC000E94B0694091AD775091AE776091AF77DA
:109DBC007091B077CE0101960E94716B69EE71E9DA
:109DCC00CE0101960E94B06946E150E060E070E07F
:109DDC00CE0101960E94716B65EF71E9CE0101967F
:109DEC000E94B0696CEF71E9CE0101960E947A6A0B
:109DFC00CE0101960E94AC70CE0101960E94C073F8
:109E0C00882329F06C2D8BE096E60E9426706196D3
:109E1C00CDBFDEBFDF91CF911F910F91CF900895F1
:109E2C00CF93DF93EC019881892F807659F5992394
:109E3C0024F48E819F81892BD9F160E070E080E061
:109E4C0090E00E94096C88818F71813071F028F04C
:109E5C00823039F0833069F02DC0CE010E94E86366
:109E6C0032C0CE010E9411642EC0CE010E949269B4
:109E7C002AC0E0912077F09121773097E9F0CE015C
:109E8C00099521C0803249F4E0911E77F0911F773B
:109E9C003097A1F0CE01099516C0803489F4E09179
:109EAC001C77F0911D77309769F0CE0109950BC0A6
:109EBC0089EE09C082E007C082E005C082E003C0E1
:0C9ECC0082E001C082E0DF91CF91089598
:109ED8001F920F920FB60F9211242F933F934F9317
:109EE8005F936F937F938F939F93AF93BF93EF93FA
:109EF800FF937D9B05C0E0910F78F091107809954C
:109F08007E9B05C0E0910D78F0910E7809957A9BBB
:109F180005C0E0910778F091087809957B9B05C00A
:109F2800E0910578F091067809957F9B05C0E0914E
:109F3800FF77F09100780995789B05C0E091F77755
:109F4800F091F8770995799B05C0E091F577F09144
:109F5800F67709958FEF8FB9FF91EF91BF91AF9188
:109F68009F918F917F916F915F914F913F912F9129
:0A9F78000F900FBE0F901F90189578
:109F8200DF92EF92FF920F931F93CF93DF93CDB7A0
:109F9200DEB76997CDBFDEBF8C017B01CA0148E005
:109FA200BE016F5F7F4F0E948949181619068CF512
:109FB2009E012F5F3F4FDE011996A901480F591FDD
:109FC200F901D1909F016D2D62956F7070E0645F11
:109FD2007646FB0160816C93ED2DEF70F0E0E45F5B
:109FE200F646608111966C931197129624173507E5
:109FF20039F7880F991FFE01E80FF91F1186B70183
:10A00200C8010E94B069BE01675F7F4FC8010E940C
:10A012007A6A6996CDBFDEBFDF91CF911F910F9112
:08A02200FF90EF90DF9008951C
:10A02A00EF92FF920F931F93CF93DF9300D0CDB798
:10A03A00DEB7E0913F78F0914078A081B1815196E6
:10A04A009C919817B8F1913039F482819381DB01A0
:10A05A008D939C9380E02FC07B01082F828193818E
:10A06A0089839A830190F081E02D118981E013C0E0
:10A07A00E981FA819581091751F0BE016F5F7F4F1F
:10A08A0082E00E94EA69811105C0115004C010E003
:10A09A0080E001C010E01111EBCF81110CC0E98101
:10A0AA00FA819581091304C0D701ED93FC9303C08B
:10A0BA008DED01C081EE0F900F90DF91CF911F912E
:08A0CA000F91FF90EF90089543
:10A0D2009F92AF92BF92CF92DF92EF92FF920F9335
:10A0E2001F93CF93DF936C0181E0809366780E9487
:10A0F200F967982EF60101900020E9F731977F0168
:10A10200EC18FD081E141F0404F500E010E00F2EE9
:10A11200FCEDAF2EF02DB12CE701C01BD10BCD3DD4
:10A12200D10514F0CA2DDB2D40E0BE01C601800F1F
:10A13200911F0E94E44B0C0F1D1F0E151F052CF4DE
:10A1420088E290E00E949971E7CF911003C080915C
:10A15200657881110E94E77210926678DF91CF9143
:10A162001F910F91FF90EF90DF90CF90BF90AF9033
:04A172009F9008951D
:10A176004F925F926F927F92BF92CF92DF92EF9251
:10A18600FF920F931F93CF93DF93CDB7DEB72B9735
:10A19600CDBFDEBF6C01CB01BA011B860F2EFAE0E4
:10A1A600BF2EF02D0F2EFAE04F2E512C612C712C64
:10A1B600F02DBA940B2D10E0EE24E394F12CEC0E66
:10A1C600FD1EE00EF11EA30192010E94B667605DBE
:10A1D600F7016083622F732F842F952F6115710508
:10A1E6008105910531F7B701C6010E94DD6D2B96F9
:10A1F600CDBFDEBFDF91CF911F910F91FF90EF9002
:10A20600DF90CF90BF907F906F905F904F900895B2
:10A21600A0E0B0E0E1E1F1E50C942C6CAC01FA01B0
:10A2260090814F5F5F4F9032D1F3292F092E000C9A
:10A23600330B295031092530310588F39B3271F5EE
:10A2460000E010E0319602C000E010E020E030E0CF
:10A25600A901C1910C2E000CDD0BE097CA30D10587
:10A2660078F4AAE0B0E00E94AF716E01DD0FEE084F
:10A27600FF089B01AC012C193D094E095F09E9CF86
:10A286000115110541F466277727CB01621B730B75
:10A29600840B950B08C0CA01B90105C09D32A1F611
:10A2A60001E010E0CFCFCDB7DEB7E8E00C941D6D2E
:10A2B600CF93DF93C0E0CF778C2F0E94A85AD82F78
:10A2C600811140C080E80E94A85AD82F81113AC057
:10A2D600E0E0FCE0838582FDFDCF8DEF8093400CAE
:10A2E600E0E0FCE0838582FDFDCF8DEF8093420C9C
:10A2F60068EC74E78C2F0E94536C68E070E08C2F3A
:10A306000E946B6C8C2F0E94CB6C60E070E08C2FEF
:10A316000E94E36CE0EFF5E7108A118A148A158A29
:10A326001486158610861186109213751092147570
:10A33600109211751092127510920B7510920C7581
:0CA34600109208758D2FDF91CF910895C3
:10A35200CF92DF92EF92FF921F93CF93DF93EA01A6
:10A362000E94F4556B017C01DC01CB019F70AA278E
:10A37200BB27892B8A2B8B2B41F4C701B6010E9484
:10A38200DA640E947B56882341F1D701C6014696C2
:10A39200A11DB11D0197A105B240F0F40E948E717A
:10A3A20010E81093060482E10E9416728F2D0E941B
:10A3B20016728E2D0E9416728D2D0E9416728C2D91
:10A3C2000E94167266E170E0CE010E946A6F1093DD
:10A3D20005040E947B5601C080E0DF91CF911F915E
:0AA3E200FF90EF90DF90CF900895F8
:10A3EC00CF93DF938091587790915977019731F4FF
:10A3FC00E0E0F9E084818460848305C0E0E0F9E06A
:10A40C0084818B7F8483EFE4F7E7818592850197C4
:10A41C0081879287892BB1F0DF01C781D085E0E07D
:10A42C00F9E08085888317968D919C9118970196F9
:10A43C0017968D939C93189784818C7F826084836C
:10A44C0084E018C0AFE4B7E71796CD91DC9118976C
:10A45C00E0E0F9E08085888317968D919C911897A0
:10A46C00019617968D939C931897848184608483AE
:0AA47C000E941A68DF91CF91089545
:10A48600CF92DF92EF92FF920F931F93CF93DF93BA
:10A49600EC01162F6A01022F8EE70E944F6580E0BD
:10A4A6000E944F6584E0800F0E944F6588E00E94FD
:10A4B6004F65812F0E944F6588810E944F65888174
:10A4C600180F185F89810E944F659981190FC11471
:10A4D600D104A9F0002399F0E6010150E02EF12CF9
:10A4E6008FEFE81AF80AEC0CFD1C6E0189910E94A8
:10A4F6004F65F6018081180FCE15DF05B1F7812F64
:10A5060080950E944F65DF91CF911F910F91FF902B
:08A51600EF90DF90CF90089553
:10A51E009F92AF92BF92CF92DF92EF92FF920F93E4
:10A52E001F93CF93DF935C0181E0809366780E9446
:10A53E00F967982EF50101900020E9F731977F0118
:10A54E00EA18FB081E141F04D4F400E010E00F2ECE
:10A55E00F6E9CF2EF02DD12CE701C01BD10BC73958
:10A56E00D10514F0CC2DDD2DBE01C501800F911F3C
:10A57E000E94A6460C0F1D1F0E151F056CF39110A1
:10A58E0003C08091657881110E94E77210926678FF
:10A59E00DF91CF911F910F91FF90EF90DF90CF90B1
:08A5AE00BF90AF909F9008954B
:10A5B6001F920F920FB60F9211242F933F934F9332
:10A5C6005F936F937F938F939F93AF93BF93EF9315
:10A5D600FF938091070685FF0AC080E280930706F5
:10A5E600E091E777F091E877309709F00995809147
:10A5F600070684FF0AC080E180930706E091E577AD
:10A60600F091E677309709F009958091070683FF68
:10A616000AC088E080930706E091E377F091E4773B
:10A62600309709F00995FF91EF91BF91AF919F91F6
:10A636008F917F916F915F914F913F912F910F90E5
:08A646000FBE0F901F90189544
:10A64E000F931F93CF93DF93DB01109719F48FEFC6
:10A65E009FEF3DC02D913C91119730FF25C016966E
:10A66E004D915C91179714962D913C911597421729
:10A67E00530778F41296ED91FC91139780831296FE
:10A68E002D913C9113972F5F3F4F12962D933C9334
:10A69E00139716962D913C9117972F5F3F4F169655
:10A6AE002D933C93179713C01C96ED91FC911D971B
:10A6BE00309769F2EB01092F182F0995892B39F67E
:10A6CE008E819F8101968E839F83812F902FDF91A4
:08A6DE00CF911F910F91089527
:10A6E600CF93DF938091050982FD04C0809105090F
:10A6F60083FF0AC0EFE4F7E786E0858783E0848777
:10A706008CE0809305091DC080910709882359F0C4
:10A716008091050984FF07C0EFE4F7E785E08587A8
:10A7260081E084870EC080910809882351F08091CA
:10A73600050984FF06C0EFE4F7E785E0858782E038
:10A746008487CFE4D7E7ED85F0E0EE0FFF1FE751F2
:10A75600F7460190F081E02D09958D878C85882339
:10A7660039F0E091EF77F091F077309709F009959D
:06A77600DF91CF91089570
:10A77C00CF92DF92EF92FF921F93CF93DF93CDB7DF
:10A78C00DEB76197CDBFDEBF6B017C01142F69E290
:10A79C0077E9CE0101960E947A5962E377E9CE01FE
:10A7AC0001960E94B069B701A601CE0101960E94E4
:10A7BC00716BCE0101960E94BA70CE0101960E9477
:10A7CC00C0738823A1F0113049F018F0123059F001
:10A7DC000EC08BEC9DE60E94695E09C08BEC9DE679
:10A7EC000E948F5204C08BEC9DE60E9469506196CA
:10A7FC00CDBFDEBFDF91CF911F91FF90EF90DF9027
:04A80C00CF9008954C
:10A8100040E068ED80E690E00E943A7440E068ED28
:10A8200081E690E00E943A7440E068ED88E790E0AD
:10A830000E943A7444E268ED88E690E00E943A741F
:10A8400040E068ED89E690E00E943A7441EB68EDE3
:10A850008CE790E00E943A7440E068ED82E690E078
:10A860000E943A7440E068ED83E690E00E943A74FA
:10A8700040E068ED84E690E00E943A7440E068EDC4
:10A8800080E890E00E943A7448E168ED86E690E046
:10A890000E943A74E0E6F0E0858181FFFDCF0895E3
:10A8A000A2E0B0E0E6E5F4E50C94266C5C016B01F7
:10A8B000FB0122813381848095808081918189830D
:10A8C0009A836680778037FD03C08D7F89839A8362
:10A8D000FA014081518162817381CE0101967C0130
:10A8E0000AE010E09401C6010E94BD4A09811A8164
:10A8F000F6014085518541505109481B590BB30160
:10A90000680F791F9401C5010E947C5C9C01F501D0
:10A910008081918190FF06C0F60182819381821728
:0EA9200093070CF4C9012296EEE00C94176D1B
:10A92E009F92AF92BF92CF92DF92EF92FF920F93D0
:10A93E001F93CF93DF936C017B0181E08093667848
:10A94E000E94F967982E1E141F04DCF400E010E03C
:10A95E000F2EFCEDAF2EF02DB12CE701C01BD10B4D
:10A96E00CD3DD10514F0CA2DDB2D40E0BE01C60150
:10A97E00800F911F0E94E44B0C0F1D1F0E151F051B
:10A98E0064F3911003C08091657881110E94E77283
:10A99E0010926678DF91CF911F910F91FF90EF90FB
:0CA9AE00DF90CF90BF90AF909F90089575
:10A9BA00CF93DF930E9462708823E9F180910509A1
:10A9CA0084FF0CC08091050986FF08C080910509A3
:10A9DA0082FD04C08091050983FF07C080910509A3
:10A9EA0082FD03C08091050983FD0E947353809103
:10A9FA000509882324F08091050986FF1CC08091EF
:10AA0A00050984FD08C08091050982FD04C0809172
:10AA1A00050983FF03C00E9473530DC0CFE4D7E733
:10AA2A00ED85F0E0EE0FFF1FE751F7460190F08148
:0CAA3A00E02D09958D87DF91CF910895E4
:10AA4600AF92BF92CF92DF92EF92FF920F931F9336
:10AA5600CF93DF93CDB7DEB7A997CDBFDEBF6C012D
:10AA66005B017A01198208E210E09E012E5F3F4FDA
:10AA760041E050E0BE016F5F7F4F80E10E9483712D
:10AA86008823B1F02A813B81F601208331832C8112
:10AA96003D81228333839885F501908390E1FE0101
:10AAA6007A96D70101900D929A95E1F7F701108AEF
:10AAB600A996CDBFDEBFDF91CF911F910F91FF9079
:0CAAC600EF90DF90CF90BF90AF9008950C
:10AAD200AF92BF92CF92DF92EF92FF920F931F93AA
:10AAE200CF93DF93CDB7DEB7A997CDBFDEBF6C01A1
:10AAF2005B017A01198208E210E09E012E5F3F4F4E
:10AB020041E050E0BE016F5F7F4F81E10E9483719F
:10AB12008823B1F02A813B81F601208331832C8185
:10AB22003D81228333839885F501908390E1FE0174
:10AB32007A96D70101900D929A95E1F7F701108A62
:10AB4200A996CDBFDEBFDF91CF911F910F91FF90EC
:0CAB5200EF90DF90CF90BF90AF9008957F
:10AB5E009F92AF92BF92CF92DF92EF92FF920F939E
:10AB6E001F93CF93DF936C017B0181E08093667816
:10AB7E000E94F967982E1E141F04D4F400E010E012
:10AB8E000F2EF6E9AF2EF02DB12CE701C01BD10B25
:10AB9E00C739D10514F0CA2DDB2DBE01C601800FB9
:10ABAE00911F0E94A6460C0F1D1F0E151F056CF35C
:10ABBE00911003C08091657881110E94E772109206
:10ABCE006678DF91CF911F910F91FF90EF90DF90FC
:0AABDE00CF90BF90AF909F900895B4
:10ABE800CF92DF92EF92FF9260352FEF720725E147
:10ABF8008207910580F52BE030E040E050E00E94AC
:10AC0800B6676B017C01742F632F522F4427D7013D
:10AC1800C601880F991FAA1FBB1F8C0D9D1DAE1D55
:10AC2800BF1D880F991FAA1FBB1F880F991FAA1F36
:10AC3800BB1F8C199D09AE09BF09880F991FAA1F50
:10AC4800BB1F840F951FA61FB71FBC01CD01705FE6
:10AC58008F4F9F4F04C061E070E080E092E0FF906A
:08AC6800EF90DF90CF900895FA
:10AC70009F92AF92BF92CF92DF92EF92FF920F938B
:10AC80001F93CF93DF934115510529F16C01C40E39
:10AC9000D51EEC015B01A81AB90A0E943274811119
:10ACA000FCCF85010C0F1D1FC8010E9487747E0117
:10ACB0009881891761F00E9432748111FCCF9FB690
:10ACC000F894F7016081C8010E94706D9FBE2196C3
:10ACD000CC15DD0511F70E9432748111FCCFDF9194
:10ACE000CF911F910F91FF90EF90DF90CF90BF9089
:06ACF000AF909F90089553
:10ACF600BF92CF92DF92EF92FF920F931F93CF9363
:10AD0600DF93C0E8C093060485E00E94167280E0D7
:10AD16000E941672C09305040F2EF0E4CF2EF2E4C3
:10AD2600DF2EFFE0EF2EF12CF02D06E014E0689404
:10AD3600BB24B7F8C5E0D4E00FC0F801B08285E0C7
:10AD46000E94167280E00E941672B882F1E0CF1A55
:10AD5600D108E108F10821F080FDEFCF81E001C0C4
:10AD660080E0DF91CF911F910F91FF90EF90DF90E0
:06AD7600CF90BF9008958C
:10AD7C001F920F920FB60F9211242F933F934F9364
:10AD8C005F936F937F938F939F93AF93BF93EF9347
:10AD9C00FF938091420180FF0BC08091430180FFA3
:10ADAC0007C0E0911B78F0911C78309709F0099559
:10ADBC008091420181FF0BC08091430181FF07C04C
:10ADCC00E0911978F0911A78309709F0099583E0A1
:10ADDC0080934301FF91EF91BF91AF919F918F9120
:10ADEC007F916F915F914F913F912F910F900FBE7B
:06ADFC000F901F90189556
:10AE0200FC01613089F4E11584E0F80768F5EF3F51
:10AE120083E0F80798F5309749F1CF0101978E2327
:10AE22009F23892B29F52AC001978034910510F5BB
:10AE32008E239F23892B01F521C0E930F10538F4D7
:10AE420090E00EC087E0FA01808380E0089528E058
:10AE520030E090E09F5F220F331F2E173F07D0F3A1
:10AE6200FA01908380E008958FEF08958FEF08959F
:10AE72008FEF08958FEF08958FEF0895EF3F83E0EE
:06AE8200F807D9F6DFCF4E
:10AE8800AF92BF92CF92DF92EF92FF920F931F93F0
:10AE9800CF93DF9300D000D0CDB7DEB78C015B0134
:10AEA800CA0144E0BE016F5F7F4F0E9489491816AE
:10AEB8001906CCF4FE0131968E0F9F1FC12CD12CA0
:10AEC8007601FE2CED2CDC2CCC242191C22AE8172B
:10AED800F907B9F7B501C8010E94B069B701A60121
:10AEE800C8010E94716B2496CDBFDEBFDF91CF9160
:10AEF8001F910F91FF90EF90DF90CF90BF90AF9090
:02AF08000895AA
:10AF0A00BF92CF92DF92EF92FF920F931F93CF934C
:10AF1A00DF936B017C01C20ED31EE11CF11CE1E040
:10AF2A00CE16D104E104E2E0FE0600F5E9018A0149
:10AF3A006B017C016894BB24B7F8B092060483E1E4
:10AF4A000E9416728F2D0E9416728E2D0E94167202
:10AF5A008D2D0E9416728C2D0E941672BE01C80198
:10AF6A000E947C6FB092050481E001C080E0DF910D
:10AF7A00CF911F910F91FF90EF90DF90CF90BF90EC
:02AF8A00089528
:10AF8C00CF93C82FE0EFF5E7108A118A148A158A3F
:10AF9C00148615861086118668EC74E780E00E9492
:10AFAC00536C68EC74E780E00E948C60811126C0C1
:10AFBC0093E090930875C13089F4E0E0FCE0938550
:10AFCC0092FDFDCF92E09093420CE0E0FCE0938583
:10AFDC0092FDFDCF90E49093420C10C0E0E0FCE0B9
:10AFEC00938592FDFDCF92E09093400CE0E0FCE065
:10AFFC00938592FDFDCF90E49093400CCF910895F2
:10B00C00CF92DF92EF92FF92611529EB720725E543
:10B01C00820729E6920758F12FB7F8946B017C014F
:10B02C0030E8C31A33E4D30A3DE6E30A38E3F30A03
:10B03C00C092B977D092BA77E092BB77F092BC7796
:10B04C002FBF20915A782223A1F010925A78DC015C
:10B05C00CB0180589E4AAE4FBF4F8093B5779093EB
:10B06C00B677A093B777B093B87781E003C080E050
:0EB07C0001C081E0FF90EF90DF90CF9008952B
:10B08A000F931F93CF93DF93CDB7DEB76197CDBFF1
:10B09A00DEBF8C0163E577E9CE0101960E947A59F9
:10B0AA0065E677E9CE0101960E94B069A80160E0E1
:10B0BA0070E0CE0101960E94716B6EE477E9CE01D1
:10B0CA0001960E94B06961E077E7CE0101960E947D
:10B0DA007A6ACE0101960E94BA70CE0101960E9448
:10B0EA00C073882321F08BEC9DE60E946D716196F6
:0EB0FA00CDBFDEBFDF91CF911F910F91089562
:10B108001F920F920FB60F9211242F933F934F93D4
:10B118005F936F937F938F939F93AF93BF93EF93B7
:10B12800FF938091070680FF0AC081E0809307069D
:10B13800E091E977F091EA77309709F009958091E5
:10B14800070682FF0AC084E080930706E091ED7746
:10B15800F091EE77309709F00995FF91EF91BF9143
:10B16800AF919F918F917F916F915F914F913F9197
:0CB178002F910F900FBE0F901F901895A4
:10B184001F920F920FB60F9211242F933F934F9358
:10B194005F936F937F938F939F93AF93BF93EF933B
:10B1A400FF938091070681FF0AC082E0809307061F
:10B1B400E091EB77F091EC77309709F00995809165
:10B1C400070682FF0AC084E080930706E091ED77CA
:10B1D400F091EE77309709F00995FF91EF91BF91C7
:10B1E400AF919F918F917F916F915F914F913F911B
:0CB1F4002F910F900FBE0F901F90189528
:10B20000CF92DF92EF92FF9280915A78882319F0C3
:10B21000815080935A7880915B78882349F1C0905F
:10B22000B577D090B677E090B777F090B877C11443
:10B23000D104E104F104E1F00E94586F6C157D0522
:10B240008E059F05A8F0DC01CB0180589E4AAE4FC9
:10B25000BF4F8093B5779093B677A093B777B093AD
:10B26000B8778EE180935A788EE190E00E9445583D
:0AB27000FF90EF90DF90CF9008955B
:10B27A000F931F93CF93DF93CDB7DEB76097CDBF00
:10B28A00DEBF9C01FB019081983001F5818192819A
:10B29A0003811481081B190BA801415051094F3031
:10B2AA005105C0F4B901680F791FA801CE010196B2
:10B2BA000E94C571E1E0F0E0EC0FFD1FE00FF11F05
:10B2CA001082CE0101960E940B5107C060E070E027
:10B2DA00CB0103C060E070E0CB016096CDBFDEBF5A
:0AB2EA00DF91CF911F910F9108959D
:10B2F4000F931F93CF93DF93EC018B0140E051E058
:10B304006BEC7DE60E94BB68CE010E94EA6A6CEB9E
:10B3140076E9CE010E94B06941E050E060E070E05F
:10B32400CE010E94716B6EEB76E9CE010E94B0698A
:10B33400B801CE010E947A6A64EC76E9CE010E94DB
:10B34400B0690E94586FAB01BC01CE010E94716BC1
:10B3540067EC76E9CE010E94B069CE010E94EA6AE8
:0AB36400DF91CF911F910F91089522
:10B36E00E89409C097FB3EF4909580957095619591
:10B37E007F4F8F4F9F4F9923A9F0F92F96E9BB2747
:10B38E009395F695879577956795B795F111F8CFC3
:10B39E00FAF4BB0F11F460FF1BC06F5F7F4F8F4F2E
:10B3AE009F4F16C0882311F096E911C0772321F024
:10B3BE009EE8872F762F05C0662371F096E8862FBC
:10B3CE0070E060E02AF09A95660F771F881FDAF713
:0AB3DE00880F9695879597F908955A
:10B3E800641775076CF5E7E0E69F9001E79F300D5D
:10B3F8001124FC01E20FF31FA381B4816F5F7F4F1B
:10B408006417750704F5FC01E20FF31F0084F1854A
:10B41800E02DEA17FB07D4F4215F3F4F820F931FFB
:10B428006F5F7F4F64177507A4F40796FC01379781
:10B43800208131812A173B079CF3862F972F089587
:10B44800842F952F0895862F972F0895862F972F4D
:08B458000895862F972F089537
:10B46000CF920F931F93CF93DF93CDB7DEB7619742
:10B47000CDBFDEBF8B019C0140E052E06BE076E681
:10B48000CE0101960E94B55C49E655E56DE272E990
:10B49000CE0101960E94F84343E255E566E372E966
:10B4A000CE0101960E94F843CE0101960E94AC7035
:10B4B000CE0101960E94C073882329F06C2D8BE089
:10B4C00096E60E9426706196CDBFDEBFDF91CF91D8
:08B4D0001F910F91CF90089528
:10B4D8000F931F938CE897E70E94A471811115C000
:10B4E800809140990E94566B81110FC040918E77D0
:10B4F80050918F7700E612E721E06BE07AE68091C1
:10B5080040990E94915D81111CC084E997E70E94CF
:10B51800076E8034910590F080913F990E94566B98
:10B5280081110EC00BE31BE620E040E450E064E725
:10B5380075E780913F990E94C85D03C080E001C013
:08B5480080E01F910F910895AE
:10B55000282F2F7730E023303105A4F588237CF0A5
:10B56000E0E0FCE0938592FDFDCFF901EE0FFF1FB7
:10B57000EE0FFF1FEF5BF34F92E090830EC0E0E011
:10B58000FCE0938592FDFDCFF901EE0FFF1FEE0F5A
:10B59000FF1FED5BF34F92E09083220F331F880F64
:10B5A000211D311D220F331FF901EE0FFF1FEE0F7A
:10B5B000FF1F2E0F3F1FF901EC54FA4882E08083F1
:08B5C00080E008958EEF08956C
:10B5C800E0912F78F0913078E553FF488081209101
:10B5D8002F78309130782F5F3F4F332720932F7883
:10B5E80030933078E0E0F8E095819F77958320915B
:10B5F8002D7830912E78232B51F020912D78309191
:10B608002E782150310920932D7830932E78E0E060
:10B61800F8E095819068958320912D7830912E7867
:10B628002E3F310520F490E490936604089590E449
:06B63800909365040895E3
:10B63E00FC019081892F8F71813059F599237CF40B
:10B64E009076903241F58181813239F540E050E0BB
:10B65E0067E070E084E897E70E948E6F0895907619
:10B66E009032E9F48181803219F0823251F019C0A2
:10B67E0040E050E067E070E084E897E70E948E6F4C
:10B68E0008958281938180933D7890933E7880E0F7
:10B69E00089582E0089582E0089582E0089582E0A0
:06B6AE00089582E00895FA
:10B6B400282F2F7730E0233031059CF588237CF048
:10B6C400E0E0FCE0938592FDFDCFF901EE0FFF1F52
:10B6D400EE0FFF1FE05CF34F90E290830EC0E0E0BA
:10B6E400FCE0938592FDFDCFF901EE0FFF1FEE0FF5
:10B6F400FF1FEE5BF34F90E29083220F331F880FFE
:10B70400211D311D220F331FF901EE0FFF1FEE0F14
:10B71400FF1F2E0F3F1FF901EC54FA48108280E0FE
:06B7240008958EEF089568
:10B72A00613021F048F0623021F0089525E032E6D8
:10B73A0005C022E030E602C028E034E6F901EE5FF7
:10B74A00FD4F9081911125C08D3011F08A3081F41E
:10B75A00F901FE5F808191810097D9F0F901E80F24
:10B76A00F91F1082F901EE5FFD4F81E08083089591
:10B77A00F901FE5F408151814F3F91E0590748F43A
:10B78A00BA016F5F7F4F60837183F901E40FF51F80
:04B79A00808308950B
:10B79E00E82FEF77A0E0BCE01B969C911B9792FDE3
:10B7AE00FBCFF0E0DF01AA0FBB1FAA0FBB1FAE5BE2
:10B7BE00B34F98E09C93A0E0BCE01B969C911B9726
:10B7CE0092FDFBCFDF01AA0FBB1FAA0FBB1FA05C10
:10B7DE00B34F98E09C93E295F295F07FFE27E07FC1
:10B7EE00FE27E051FA4897859B7F978797819B7F2D
:10B7FE009783982F9F7719F40E945B5108950E94AA
:04B80E00A85A089597
:10B81200A0E1B0E0EFE0FCE50C942E6CFB01BA0174
:10B82200AE014F5F5F4F7A0140E1D7011D924A9509
:10B83200E9F742E051E049835A838B839C83F7FF07
:10B8420009C08FE490E080930060909301608FEFD5
:10B852009FEF14C0A9018C013197ED83FE83C701CC
:10B862000E94FB6C4F8158852D813E814217530700
:10B8720008F49A01F801E20FF31F10826096E6E0E5
:04B882000C941F6D96
:10B886001F920F920FB60F9211242F933F934F934F
:10B896005F936F937F938F939F93AF93BF93EF9332
:10B8A600FF93BA9B05C0E091FD77F091FE7709956D
:10B8B600BB9B05C0E091F377F091F4770995BD9BAA
:10B8C60005C0E091F177F091F27709958FEF87BB8C
:10B8D600FF91EF91BF91AF919F918F917F916F9162
:10B8E6005F914F913F912F910F900FBE0F901F9038
:02B8F6001895A3
:10B8F800A0E0B0E0E2E8FCE50C94286C6C015B0188
:10B908007A01E901480181E08822992400FD03C0F9
:10B918004217530750F0A701B501C6010E94416ABA
:10B92800EC16FD0610F0C70117C08E010E191F098D
:10B938000115110541F0B60180E290E00E942753FD
:10B9480001501109F5CF8114910429F4A701B5011B
:10B95800C6010E94416ACE01CDB7DEB7ECE00C9477
:02B96800196D57
:10B96A00CF92DF92EF92FF920F931F93CF93DF93C1
:10B97A00EC01680179010E94BB68CE010E94EA6A63
:10B98A0061EA78E9CE010E94B06941E050E060E0E6
:10B99A0070E0CE010E94716B63EA78E9CE010E94E1
:10B9AA00B069B701A601CE010E94C66166EA78E9CC
:10B9BA00CE010E94B069CE010E94EA6ADF91CF915E
:0EB9CA001F910F91FF90EF90DF90CF900895A6
:10B9D800CF930E94F967C82FE1E0F7E701900020B4
:10B9E800E9F731979F012150374741E057E760E079
:10B9F80089E793E90E9443522FEF82E597E02150AF
:10BA080080409040E1F700C0000020E040E050E0B6
:10BA180060E08CE793E90E9443522FEF82E597E0BC
:10BA2800215080409040E1F700C00000C11103C0E0
:0EBA38008091657881110E94E772CF91089588
:10BA4600E0E0F6E080818E7F808386818A7F868330
:10BA560087818A7F87838FE0818382E0828398E073
:10BA66009383148296E0958390E392871186838769
:10BA7600108A118A128A138A1092EB771092EC7749
:10BA86001092ED771092EE771092E9771092EA779E
:10BA96001092E3771092E4771092E5771092E677AA
:0EBAA6001092E7771092E87781E08083089590
:10BAB4008F929F92AF92BF92CF92DF92EF92FF92BA
:10BAC4000F931F93CF93DF935C016B017A014901BC
:10BAD4000E946270811115C0CFE4D7E781E08883AA
:10BAE400A982BA828B87CB82DC82ED82FE828F822E
:10BAF400988609871A871C860E9445728D8781E083
:10BB040001C080E0DF91CF911F910F91FF90EF90E2
:0EBB1400DF90CF90BF90AF909F908F900895DC
:10BB2200CF92DF92EF92FF920F931F93CF93DF9307
:10BB3200C82F6B017A01D22F0E94566B81111DC052
:10BB42008C2F0E94CE5F811119C0B6018C2F0E94EA
:10BB5200536CB7018C2F0E946B6C8C2F0E94CB6CA4
:10BB6200DD2319F08C2F0E94F062B8018C2F0E9405
:10BB7200E36C8C2F0E94093001C086EFDF91CF91D8
:0EBB82001F910F91FF90EF90DF90CF900895EC
:10BB9000CF92DF92EF92FF920F931F93CF93DF9399
:10BBA000C82F6B017A01D22F0E94566B81111DC0E4
:10BBB0008C2F0E94CE5F811119C0B6018C2F0E947C
:10BBC000536CB7018C2F0E946B6C8C2F0E94CB6C36
:10BBD000DD2319F08C2F0E94F062B8018C2F0E9497
:10BBE000E36C8C2F0E94463601C086EFDF91CF9127
:0EBBF0001F910F91FF90EF90DF90CF9008957E
:10BBFE00EF92FF920F931F93CF93DF932115310591
:10BC0E0009F1DB011196ED91FC9112971396CD91EE
:10BC1E00DC911497CE1BDF0B12F4C0E0D0E0C217FC
:10BC2E00D30710F0E90121978A01BC01EC2EFD2EFD
:10BC3E006E0F7F1FAE01C8010E94C571C00FD11FCC
:10BC4E00188202C0E12CF12C8E2D9F2DDF91CF9109
:0ABC5E001F910F91FF90EF900895E1
:10BC68001F920F920FB60F9211242F933F934F9369
:10BC78005F936F937F938F939F93AF93BF93EF934C
:10BC8800FF938091040886FB882780F98093727857
:10BC9800E0912178F0912278309709F00995E0E059
:10BCA800F8E0848180648483FF91EF91BF91AF9124
:10BCB8009F918F917F916F915F914F913F912F91BC
:0ABCC8000F900FBE0F901F9018950B
:10BCD200CF92DF92EF92FF920F931F93CF93DF9356
:10BCE200EC010F2EF4E6EF2EF12CF02D00E010E027
:10BCF20016C00E947373811104C021960F5F1F4FFB
:10BD02000EC00E946C5A670181E0C81AD1081E1445
:10BD12001F0444F481E090E00E94997176018881C9
:10BD22008111E7CFC801DF91CF911F910F91FF9051
:08BD3200EF90DF90CF9008951F
:10BD3A00A2E8B0E0E3EAFEE50C94286C5C014A0153
:10BD4A0069837A83C12CD12CE981FA818081882385
:10BD5A00E9F07401860120E830E0AE014D5F5F4FE3
:10BD6A00BE016F5F7F4FC5010E94621C8C0D9D1D35
:10BD7A008C159D054CF48FE490E0809300609093BD
:10BD8A0001608FEF9FEF03C06C01DECFC601CE5773
:08BD9A00DF4FECE00C94196D81
:10BDA200EF92FF921F93CF93DF937C0184E1F7011F
:10BDB20011928A95E9F7C4EFD1E010E00E944E7229
:10BDC200882369F00E94E45A8A3049F08D3089F064
:10BDD200133128F4F701E10FF11D80831F5F8FE615
:10BDE20097E10197F1F700C00000A895219731F77C
:10BDF20004C0F701E10FF11D1082DF91CF911F9175
:06BE0200FF90EF9008958F
:10BE08000F931F938091C5779091C677A091C777BC
:10BE1800B091C8770091BD771091BE772091BF7718
:10BE28003091C07780179107A207B307C8F0009137
:10BE3800C1771091C2772091C3773091C477BC0144
:10BE4800CD01601B710B820B930B4091707810929F
:10BE58007178E091E177F091E277309709F00995F0
:06BE68001F910F910895E7
:10BE6E000F931F93CF93DF93EC018981843019F5E3
:10BE7E001C81112311F1062F81E09881C90FD11D6C
:10BE8E0099819530A9F4002341F04B8143706C8168
:10BE9E007D818A810E94DF2C08C08A810E94866D76
:10BEAE0081110CC08A810E9475651150811106C0E6
:10BEBE001111E3CF03C08FED01C080E0DF91CF9170
:06BECE001F910F91089581
:10BED400CF93DF93C0E0CF77D0E0D06840E060E458
:10BEE40070E08C2F0E94DF2C811122C040E060E4BE
:10BEF40070E08D2F0E94DF2C81111AC068EC74E76A
:10BF04008C2F0E948C60811113C068EC74E78D2F14
:10BF14000E948C6081110CC08C2F0E94C66281111A
:10BF240007C08D2F0E949C62811102C01092087577
:06BF3400DF91CF9108959A
:10BF3A001F93CF93DF9386E19FE40E9406740E94C9
:10BF4A00FF5FC0E0D0E0D1110DC01C2F1F77812FF9
:10BF5A000E94CE5FD82F811105C01068812F0E94E0
:10BF6A00CE5FD82FCF5FCF77C33069F7D1110CC01E
:10BF7A000E946A5FD82F811107C00E945B51D82F97
:10BF8A00811102C00E9497738D2FDF91CF911F916B
:02BF9A00089508
:10BF9C00282F2F7730E0F901EE0FFF1F87FD319628
:10BFAC002330310524F5EE0FFF1FCF01880F991FA9
:10BFBC00880F991FE80FF91FDF01AC54BA481C9287
:10BFCC0012961D921C92139714961D921C92159703
:10BFDC0016961D921C92179718961D921C921997E3
:10BFEC00EB54FA4880818E7F808380E008958EEF39
:02BFFC000895A6
:10BFFE00E0E0FCE0808180688083808180618083C6
:10C00E0080818062808385818F61858384818F6149
:10C01E00848386EF95E7868397838081807F826015
:10C02E0080838FEF8287838780E090E0FC01E2952A
:10C03E00F295F07FFE27E07FFE27E051FA48178247
:10C04E0016821786168601968330910579F7089524
:10C05E000E949C6788F09F5798F0B92F9927B75187
:10C06E00B0F0E1F0660F771F881F991F1AF0BA958E
:10C07E00C9F714C0B13091F00E944273B1E0089537
:10C08E000C944273672F782F8827B85F39F0B93F29
:10C09E00CCF3869577956795B395D9F73EF4909541
:0EC0AE008095709561957F4F8F4F9F4F08953D
:10C0BC00CF92DF92EF92FF920F931F93CF93DF9368
:10C0CC006C017B018A010E946270811115C0CFE462
:10C0DC00D7E781E08883C982DA821B86EB82FC82F7
:10C0EC000D831E831F82188619861A861C860E9451
:10C0FC0045728D8781E001C080E0DF91CF911F9167
:0CC10C000F91FF90EF90DF90CF9008950E
:10C11800282F2F7730E02330310524F58823ACF021
:10C12800F901E95CF646808183FF02C060FD1CC00E
:10C1380022953295307F3227207F3227F901E0514E
:10C14800FA486287738780E0089522953295307F98
:10C158003227207F3227F901E051FA48628B738B2E
:0CC1680080E008958EEF08958AEF08959E
:10C17400DC01ED91FC91119780818A3221F080E0FD
:10C1840090E03AE00EC03196ED93FC93DB01ED9123
:10C19400FC911197CF0102968D939C93808191819C
:10C1A4000895ED91FC911197208120532A3068F471
:10C1B400389FA001399F500D1124CA01820F911D8F
:0CC1C4003196ED93FC931197ECCF089599
:10C1D000FF920F931F93CF93DF93CDB7DEB7619795
:10C1E000CDBFDEBF8B019C01F42E40E052E06BE03E
:10C1F00076E6CE0101960E94B55CCE0101960E94C2
:10C20000AC70CE0101960E94C073882329F06F2D77
:10C210008BE096E60E9426706196CDBFDEBFDF916F
:0AC22000CF911F910F91FF90089538
:10C22A002091337830913478232BF9F0E0913778E4
:10C23A00F0913878E553FE48808380913778909161
:10C24A003878019699278093377890933878E0E088
:10C25A00F8E085818F7D8583809133789091347859
:10C26A0001978093337890933478759905C0E0E00C
:0AC27A00F8E0858180628583089555
:10C2840082E00E94566983E00E94B07283E00E94BB
:10C29400A8720E94FC720E94D4738823E1F30E9466
:10C2A40003739B01AC01A4EEBCE00E94AF71DC01FE
:10C2B400CB01072E7DE0B695A795979587957A953E
:10C2C400D1F7702D009721E0A207B10520F08FEF80
:08C2D4009FEFA0E0B0E0089527
:10C2DC00CF93DF93DC01FB019081943011F0983007
:10C2EC00E1F4C181D281238134812C1B3D0BFA01F5
:10C2FC0001900020E9F73197E41BF50B2E173F074F
:10C30C0071F4BA01CD01A9018C0F9D1F0E943769F0
:10C31C0021E0892B29F020E003C020E001C020E0BF
:08C32C00822FDF91CF910895EB
:10C334001F920F920FB60F9211242F933F934F9396
:10C344005F936F937F938F939F93AF93BF93EF9379
:10C35400FF93E0911778F0911878309709F00995D8
:10C3640081E080935301FF91EF91BF91AF919F9131
:10C374008F917F916F915F914F913F912F910F908A
:08C384000FBE0F901F901895E9
:10C38C00CF92DF92EF92FF92CF93DF93EC016A0191
:10C39C007B010E94A56BFF207CF46DE2CE010E9414
:10C3AC000D6644275527BA014C195D096E097F09A2
:10C3BC00CE010E94BB5005C0B701A601CE010E9460
:10C3CC00BB50CE010E945771DF91CF91FF90EF903F
:06C3DC00DF90CF900895F0
:10C3E200DF92EF92FF920F931F93CF93DF93CDB71C
:10C3F200DEB7C05AD109CDBFDEBFD42E7801890184
:10C402009B01AC0160EA70E0CE0101960E9481437B
:10C41200892B29F06D2DCE0101960E942670C056FF
:10C42200DF4FCDBFDEBFDF91CF911F910F91FF9004
:06C43200EF90DF90089579
:10C438001F920F920FB60F9211242F933F934F9391
:10C448005F936F937F938F939F93AF93BF93EF9374
:10C45800FF935B9B05C0E091F977F091FA77099516
:10C468008FEF8BB9FF91EF91BF91AF919F918F9112
:10C478007F916F915F914F913F912F910F900FBED8
:06C488000F901F901895B3
:10C48E00CF93DF930F92CDB7DEB70E944674882309
:10C49E0019F00E9487411BC00E94A9738823B1F036
:10C4AE00CE0101960E946264811111C089810E94A1
:10C4BE005A5B81110CC089818F7721F489810E948A
:10C4CE00FD3005C089810E94022E01C080E00F90D0
:06C4DE00DF91CF910895EB
:10C4E4008F929F92AF92BF92CF920F931F934B0163
:10C4F4005C010E946F74811104C00E94F57288234C
:10C5040051F00AE810E928E530E94C2DC501B401E1
:10C514000E94F16107C00E94C86D4C2DC501B40191
:10C524000E94E8601F910F91CF90BF90AF909F90B1
:04C534008F90089547
:10C53800282F2F7730E02330310514F5882384F035
:10C54800E0E0FCE0838582FDFDCF220F331F220F40
:10C55800331FF901EF5BF34F81E0808380E008959A
:10C56800E0E0FCE0838582FDFDCF220F331F220F20
:10C57800331FF901ED5BF34F81E0808380E008957C
:04C588008EEF089595
:10C58C00282F2F7730E02330310514F5882384F0E1
:10C59C00E0E0FCE0838582FDFDCF220F331F220FEC
:10C5AC00331FF901E05CF34F81E0808380E0089554
:10C5BC00E0E0FCE0838582FDFDCF220F331F220FCC
:10C5CC00331FF901EE5BF34F81E0808380E0089527
:04C5DC008EEF089541
:10C5E000282F2F77882344F4E22FF0E0E65CF6460C
:10C5F000908191FD1EC007C0E22FF0E0E65CF64698
:10C60000908194FD16C030E0220F331FF90187FDA1
:10C610003196CF01880F991FFC01EE0FFF1FEE0F1F
:10C62000FF1F8E0F9F1FFC01EB54FA488081816031
:04C630008083089566
:10C63400A0E0B0E0E0E2F3E60C942A6C7C01FB019C
:10C64400EA01C901A280B380C480D5800081118130
:10C65400209711F4CCE9D7E7009719F4CE010E9492
:10C66400F270B7FC04C0A816B90608F4C501960117
:10C67400AC01BE01C7010E947C5CCDB7DEB7EAE025
:04C684000C941B6D8A
:10C688000F931F93CF93DF93009192771091937735
:10C69800C4EFD1E00E946C5A8CE897E70E94076EBD
:10C6A8008017910758F00E948070811107C0CAE076
:10C6B800D0E00E946C5A2197E1F706C081E090E033
:10C6C8000E949971219731F7DF91CF911F910F91B6
:02C6D8000895C3
:10C6DA00809133789091347891111DC0E09135782A
:10C6EA00F0913678E553FE48808180930208809164
:10C6FA00357890913678019699278093357890937A
:10C70A003678809133789091347801968093337893
:10C71A00909334780895E0E0F8E085818F7D8583F1
:02C72A00089570
:10C72C001F920F920FB60F9211242F933F934F939A
:10C73C005F936F937F938F939F93AF93BF93EF937D
:10C74C00FF93E0913B78F0913C78309709F0099594
:10C75C00FF91EF91BF91AF919F918F917F916F91CD
:10C76C005F914F913F912F910F900FBE0F901F90A3
:02C77C0018950E
:10C77E001F920F920FB60F9211242F933F934F9348
:10C78E005F936F937F938F939F93AF93BF93EF932B
:10C79E00FF93E0913978F0913A78309709F0099546
:10C7AE00FF91EF91BF91AF919F918F917F916F917B
:10C7BE005F914F913F912F910F900FBE0F901F9051
:02C7CE001895BC
:10C7D000DC011196EC914E2F50E04A305105F8F4EF
:10C7E000FA01E35FF94F0C94B5730E94186908953C
:10C7F0000E94957408950E9497740895FC018281A7
:10C800000E94B87208950E94224B08950E94D36F2F
:10C810000895DC0112968C910E947272089582E054
:02C82000089579
:10C82200CF93DF93EC018C819D810E9479738F7786
:10C8320090E00397C4F48981813051F028F083306D
:10C8420059F08C3069F011C0CE010E94076A0EC007
:10C85200CE010E94D6700AC0CE010E949C6D06C015
:10C862000E94326F03C08EEF01C082E0DF91CF9150
:02C87200089527
:10C87400FC01DB019C919830F9F411962D913C91C7
:10C884001297E20FF31F8081843721F481E0FA01CB
:10C8940080830895863621F4DA011C9281E008959C
:10C8A400813321F481E0FA0180830895803331F4E7
:10C8B400DA011C9281E0089580E0089580E00895F3
:10C8C400CF93DF93EC010E94A9738823D9F0E09100
:10C8D400050C0E2E000CFF0BEA50FA489081292F0C
:10C8E40022952F70422F50E0433051056CF488811B
:10C8F400807893FB992790F9822B90FB87F98883A2
:10C9040080E003C085EF01C08EEFDF91CF910895E1
:10C91400282F2F7730E0220F331F982F990F211DD6
:10C92400311DF901EE0FFF1FAF01440F551F440FD6
:10C93400551FE40FF51FEC54FA480084F185E02DEF
:10C94400309769F0220F331F240F351FD901AC54DF
:10C95400BA4816964D915C9117976C910995089574
:10C964000F931F93CF93DF9300D00F92CDB7DEB711
:10C9740080E789831A821B8202E010E09E012E5F09
:10C984003F4F41E050E0BE016F5F7F4F81E10E9465
:10C994008371882319F08A819B8102C080E090E032
:10C9A4002396CDBFDEBFDF91CF911F910F910895E4
:10C9B400FF920F931F93CF93DF93D62F172F082F38
:10C9C400F92E0E948E71C0E8C093060481E20E9491
:10C9D40016728F2D0E941672802F0E941672812F5C
:10C9E4000E9416728D2F0E941672C09305040E9435
:0EC9F4007B56DF91CF911F910F91FF90089518
:10CA02001F920F920FB60F9211242F933F934F93C1
:10CA12005F936F937F938F939F93AF93BF93EF93A4
:10CA2200FF93E0911F78F09120780995FF91EF91A3
:10CA3200BF91AF919F918F917F916F915F914F9134
:0ECA42003F912F910F900FBE0F901F901895EF
:10CA50001F920F920FB60F9211242F933F934F9373
:10CA60005F936F937F938F939F93AF93BF93EF9356
:10CA7000FF93E0912378F09124780995FF91EF914D
:10CA8000BF91AF919F918F917F916F915F914F91E6
:0ECA90003F912F910F900FBE0F901F901895A1
:10CA9E001F93CF93DF93182F0E945772811115C0E9
:10CAAE0080915D78811116C0C8E8D3E10AC0219744
:10CABE0021F481E080935D780DC084E690E00E94C1
:10CACE00D76B0E945772882391F310925D78812F55
:0CCADE000E941561DF91CF911F91089517
:10CAEA00282F2F7730E023303105F4F4882374F0AF
:10CAFA0022953295307F3227207F3227F901E05183
:10CB0A00FA4887818F73878380E00895229532954A
:10CB1A00307F3227207F3227F901E051FA48878592
:0CCB2A008F73878780E008958EEF0895D8
:10CB3600282F2F7730E023303105F4F4882374F062
:10CB460022953295307F3227207F3227F901E05136
:10CB5600FA4887818460878380E00895229532951C
:10CB6600307F3227207F3227F901E051FA48878546
:0CCB76008460878780E008958EEF0895AA
:10CB8200282F2F7730E023303105F4F4882374F016
:10CB920022953295307F3227207F3227F901E051EA
:10CBA200FA4887818B7F878380E0089522953295AA
:10CBB200307F3227207F3227F901E051FA488785FA
:0CCBC2008B7F878780E008958EEF089538
:10CBCE00282F2F7730E023303105F4F4882374F0CA
:10CBDE0022953295307F3227207F3227F901E0519E
:10CBEE00FA48878182FB882780F90895229532952D
:10CBFE00307F3227207F3227F901E051FA488785AE
:0CCC0E0082FB882780F9089580E00895DB
:10CC1A00FC01868181111FC0848195812281338123
:10CC2A00215031098217930718F081E0868308950D
:10CC3A0020813181AC014F5F5F4F44835583D90115
:10CC4A00A80FB91F6C932081318184819581F901E4
:08CC5A00E80FF91F1082089594
:10CC62008091547790915577892B99F0EFE4F7E70B
:10CC720085819681019785839683A381B4818C9166
:10CC8200809308098381948101968383948383E04E
:10CC9200089580915A77882321F010925A7781E083
:08CCA20008950E941A6808952C
:10CCAA00E0E4F1E081818111FDCFE0E4F1E08FEF72
:10CCBA009FE784879587108611868FEF9FEF82877B
:10CCCA00938782E08783168A128281E08583808334
:10CCDA0081898111FDCFE0E4F1E081E0828B158A40
:08CCEA0081E7808B80E00895D2
:10CCF200CF93DF930F92CDB7DEB7FC012281338150
:10CD0200232B99F4268137812130310581F4BE012C
:10CD12006F5F7F4F84810E942771811109C061E09A
:10CD2200CE0101960E94B26A03C087ED01C087ED71
:08CD32000F90DF91CF910895ED
:10CD3A000097A1F0DC01ED91FC911197309781F0F9
:10CD4A002181213079F41296ED91FC911397309755
:10CD5A0059F02181223051F082EE089582EE089531
:10CD6A0082EE089582EE089582EE089580933F78C8
:08CD7A009093407880E00895D9
:10CD8200990F0008550FAA0BE0E8FEEF16161706DA
:10CD9200E807F907C0F012161306E407F50798F042
:10CDA200621B730B840B950B39F40A2661F0232B5B
:10CDB200242B252B21F408950A2609F4A140A695D7
:08CDC2008FEF811D811D089512
:10CDCA00CF93DF93EB01FC016081718182819381B2
:10CDDA00AE010E94D62197FF09C08FE490E08093AC
:10CDEA0000609093016080E090E00BC0188A198A75
:10CDFA001A8A1B8A1C8A1D8A8DEC97E78E8B9F8B59
:08CE0A00CE01DF91CF910895E4
:10CE12000F931F93CF93DF938C01809168788111D8
:10CE220015C00115110591F0C0E0D0E00E945D1A15
:10CE32008FE697E10197F1F700C0000021968091FB
:10CE42006878811103C00C171D0781F7DF91CF911C
:06CE52001F910F910895ED
:10CE58001F93CF93DF9300D00F92CDB7DEB781E059
:10CE680089838EEC8A831B8243E050E0BE016F5FAA
:10CE78007F4F87E40E94EE72182F882321F081E00B
:10CE880090E00E949971812F2396CDBFDEBFDF917C
:06CE9800CF911F910895E7
:10CE9E000F931F93CF93DF9300D0CDB7DEB71982D8
:10CEAE008FE68A8301E010E09E012F5F3F4F41E045
:10CEBE0050E0BE016E5F7F4F81E10E948371882337
:10CECE0011F0898101C080E00F900F90DF91CF911A
:06CEDE001F910F91089561
:10CEE400E8EBF6E785E0818F148A158A168A178A9B
:10CEF400108E128E84E1DF011D928A95E9F78AE291
:10CF040097E70E94316E0E942C6780916F780E948F
:10CF14009C3C6093AD777093AE778093AF7790939A
:04CF2400B077089545
:10CF280057FD9058440F551F59F05F3F71F04795D2
:10CF3800880F97FB991F61F09F3F79F087950895B7
:10CF4800121613061406551FF2CF4695F1DF08C0D6
:10CF5800161617061806991FF1CF869571056105F3
:04CF6800089408958C
:10CF6C00A1E21A2EAA1BBB1BFD010DC0AA1FBB1FE1
:10CF7C00EE1FFF1FA217B307E407F50720F0A21B53
:10CF8C00B30BE40BF50B661F771F881F991F1A94C0
:10CF9C0069F760957095809590959B01AC01BD01EA
:04CFAC00CF01089514
:10CFB00080917578853CB9F48DB79EB785579847B1
:10CFC000A9F0A0F026E738E780E090E0F9010196AB
:10CFD0002F5F3F4F4081453C59F44DB75EB7E41792
:10CFE000F507A0F3089580E090E0089580E090E0D8
:02CFF0000895A2
:10CFF200CF930E94C573C82F8823C1F00E945B7330
:10D0020075990CC013C0EFE6F7E13197F1F700C054
:10D012000000815059F07599F6CF08C08FE697E16C
:10D022000197F1F700C0000081E3F5CF8C2FCF917B
:02D0320008955F
:10D03400E0E0F9E0848183608483AFE4B7E71C9285
:10D044008FEF90E011968D939C93129713961D92F7
:10D054001C92149717961D921C9218971D961C9259
:10D0640080EC858383818F73838381E0858380E073
:02D0740008951D
:10D07600EF92FF920F931F93CF93DF9341155105C4
:10D0860081F08C01040F151FEC017B01E81AF90AE7
:10D09600C7018C0F9D1F0E9487748993C017D10703
:10D0A600B9F7DF91CF911F910F91FF90EF900895FF
:10D0B600FC01848195812281338128173907B1F0DB
:10D0C6009C012F5F3F4F468157812417350710F08B
:10D0D60020E030E040815181DA01A80FB91F8C9120
:10D0E600DB018C932483358380E008958EEF0895C9
:10D0F600DC0113969C911397903448F0E0911C77CD
:10D10600F0911D77309771F0CD0109950895903211
:10D1160058F0E0911E77F0911F77309739F0CD01E6
:10D126000995089582E0089582E0089582E00895C1
:10D13600CF93DF93EC0190E0E92FF0E0EE0FFF1FB5
:10D14600E551F9488081811102C081810EC0A88114
:10D15600B9812C91821305C091811196A883B98358
:10D1660001C09F5F9B3040F3892FDF91CF910895D7
:10D17600DC016D937C93119712964D935C931397F4
:10D1860014961D921C92159716961C921697179632
:10D196001D921C921897FC01399641961192E81738
:0ED1A600F907E1F7452B11F0FB011082089507
:10D1B400E8E2F6E74CE556E78FEF21E39191892702
:10D1C40098E088231CF4880F822701C0880F9150AF
:10D1D400C1F7E417F50791F780935C7645E350E0D7
:0ED1E40068E474E188E296E70E9438560895E8
:10D1F200EDE8F6E747EB56E78FEF21E391918927B8
:10D2020098E088231CF4880F822701C0880F915070
:10D21200C1F7E417F50791F78093B7764BE250E038
:0ED2220062E074E18DE896E70E9438560895A8
:10D23000CF93DF9300D0CDB7DEB719821A820E9458
:10D240007B72882319F08981816089830E948472AE
:10D25000882319F089818260898362E0CE0101967A
:0ED260000E94B26A0F900F90DF91CF91089557
:10D26E00CF93DF9341155105A9F0DC01FB01EF01CE
:10D27E008D91882351F09191992339F041305105C8
:10D28E0021F041505109891791F390E02881821BBA
:0ED29E00910902C080E090E0DF91CF910895E9
:10D2AC0090910206987F813041F49460909302062D
:10D2BC0082E390E00E94D76B0895823039F490930A
:10D2CC00020685E090E00E94D76B089592609093DF
:0CD2DC00020685E090E00E94D76B0895E8
:10D2E800FC01828193819C012F5F3F4F46815781CA
:10D2F8002417350710F020E030E0448155812417C9
:10D30800350751F040815181DA01A80FB91F6C939C
:0CD318002283338380E008958FEF089596
:10D32400FC0191819630A1F018F4992331F014C0D6
:10D334009A3031F09B3041F00FC00E94C26F0895C3
:10D34400CF010E9479660895CF010E94F06B089581
:0CD35400CF010E947B68089582E00895DC
:10D360000F931F93CF93DF93EC018B010E94A56B6A
:10D3700062E2CE010E940D66B801CE010E94C8454E
:10D3800062E2CE010E940D666AE3CE010E940D6644
:0AD39000DF91CF911F910F910895D6
:10D39A00EF92FF920F931F93CF93C42F78018901C5
:10D3AA009B01AC0160EA70E087EA93E70E9481433F
:10D3BA00892B29F06C2F87EA93E70E942670CF9178
:0AD3CA001F910F91FF90EF9008955E
:10D3D400DB01ED91FC91119790E2823041F42181BF
:10D3E400223029F422813381E20FF31F03C020810C
:10D3F400E20FF11D2181821304C0ED93FC9380E0C0
:0AD404000895915051F78DED089541
:10D40E00CF93DF9300D0CDB7DEB7FC018481958139
:10D41E000E94797319821A820E94E765882319F097
:10D42E0089818160898362E0CE0101960E94B26A91
:0AD43E000F900F90DF91CF91089539
:10D448008091F67586FF0AC0E0E0FCE0838582FDE6
:10D45800FDCF80E48093400C81E001C080E0909192
:10D46800FE7596FF09C08260E0E0FCE0938592FDBE
:0AD47800FDCF90E49093420C08955C
:10D48200A0E0B0E0E7E4FAE60C942C6C6C01EB014E
:10D492008A017B01E40EF51ECE15DF0541F089916C
:10D4A200B601082E000C990B0E942753F5CFC80134
:0AD4B200CDB7DEB7E8E00C941D6D65
:10D4BC000F931F93CF93DF938C01EB010E941F748A
:10D4CC000093D1771093D277CE01A0E0B0E0809397
:10D4DC00B1779093B277A093B377B093B477DF9191
:08D4EC00CF911F910F910895EB
:10D4F4000F931F93CF93DF93EC018B010E94A56BD5
:10D5040062E2CE010E940D66B801CE010E94C845B8
:10D5140062E2CE010E940D66CE010E945771DF9136
:08D52400CF911F910F910895B2
:10D52C00CF93DF930E949D730E949672C0E080E0BF
:10D53C0081110BC0DC2FDF778D2F0E94866D81113E
:10D54C0004C0D0688D2F0E94866DCF5FCF77C3301B
:08D55C0079F7DF91CF910895EA
:10D56400CF93DF936134A0F4C62FBC01D0E0AE01A9
:10D5740088EC94E70E94C57188EC94E78093097560
:10D5840090930A75C0930B75D0930C7580E001C01D
:08D594008CEEDF91CF910895A8
:10D59C00CF93DF9300D00F92CDB7DEB72DE6298362
:10D5AC008A839B8343E050E0BE016F5F7F4F81E134
:10D5BC000E94EE7261E08CE60E94966E2396CDBFBF
:08D5CC00DEBFDF91CF9108954D
:10D5D400CF93DF93EC010E94A56B6BE7CE010E9411
:10D5E4000D668F8198858830910544F4FE01E80F1B
:10D5F400F91F118601968F83988702C081E08E837C
:06D60400DF91CF910895B3
:10D60A00CF93DF93EC010E94A56B6BE5CE010E94DC
:10D61A000D668F8198858830910544F4FE01E80FE4
:10D62A00F91F118601968F83988702C081E08E8345
:06D63A00DF91CF9108957D
:10D640000E9408540E948A740E9478350E94235DCB
:10D650000E94F26D0E940C720E9411730E94B16FC1
:10D660000E9455660E94584D0E9415740E94456F95
:06D670000E9440710895C4
:10D676000F931F93CF93DF93611110C0411551058E
:10D6860069F0C4E7D5E78A010C581A48699184E91C
:10D6960097E70E9474690C171D07C1F7DF91CF91B8
:06D6A6001F910F91089591
:10D6AC00282F982F9F77892F90E0880F991F27FD9F
:10D6BC000196880F991FFC01EE0FFF1FEE0FFF1F45
:10D6CC008E0F9F1FFC01EC54FA4881E09081913041
:06D6DC0009F080E0089552
:10D6E200CF92DF92EF92FF92CF93DF93EC016A0128
:10D6F2007B010E94A56BB701A601CE010E94BB501F
:10D70200CE010E945771DF91CF91FF90EF90DF9091
:04D71200CF90089517
:10D7160090910875923031F4813071F480E00E9466
:10D72600C657089590910875913041F4823041F4BE
:10D7360081E00E94C657089580E0089580E008952C
:04D7460080E00895E2
:10D74A00CF93DF93FC01278130851216130674F4F8
:10D75A00E20FF31F2085222349F0EC016CE20E94BC
:10D76A000D668F819885C80FD91F1886DF91CF91D2
:02D77A00089510
:10D77C009091400990FD13C0A0E4B9E094EC11968F
:10D78C009C931197E82FF0E0EE0FFF1FE35CF64639
:10D79C0080818C938C9181608C9381E0089580E0E2
:02D7AC000895DE
:10D7AE008032910570F09C01EFEBF0E03197F1F7CC
:10D7BE0000C000002052310920323105A8F78F71C8
:10D7CE009927009729F0F8E0FA95F1F70197D9F724
:02D7DE000895AC
:10D7E0001F93CF93DF93EC0141E06A818C810E940B
:10D7F000043A182F811108C0E0911877F091197739
:10D80000309711F0CE010995812FDF91CF911F91B3
:02D81000089579
:10D81200009759F488EC94E78093097590930A7500
:10D822006115710541F480E007C0809309759093FA
:10D832000A7580E001C08CEE60930B7570930C75D5
:02D84200089547
:10D844002F923F924F925F926F927F928F929F920C
:10D85400AF92BF92CF92DF92EF92FF920F931F93FA
:10D86400CF93DF93CDB7DEB7CA1BDB0BCDBFDEBFD3
:02D87400099415
:10D876001F93CF93DF93EC01162F0E94A56B111116
:10D8860003C066E978E902C061E978E9CE010E9441
:10D89600DD6DCE010E945771DF91CF911F910895E2
:10D8A600282F982F9F77892F90E0880F991F27FDA3
:10D8B6000196880F991FFC01EE0FFF1FEE0FFF1F49
:10D8C6008E0F9F1FFC01EC54FA4862837383089500
:10D8D600282F982F9F77892F90E0880F991F27FD73
:10D8E6000196880F991FFC01EE0FFF1FEE0FFF1F19
:10D8F6008E0F9F1FFC01EC54FA48648375830895CC
:10D90600282F982F9F77892F90E0880F991F27FD42
:10D916000196880F991FFC01EE0FFF1FEE0FFF1FE8
:10D926008E0F9F1FFC01EC54FA488481958108955F
:10D93600282F982F9F77892F90E0880F991F27FD12
:10D946000196880F991FFC01EE0FFF1FEE0FFF1FB8
:10D956008E0F9F1FFC01EC54FA488681978108952B
:10D96600282F982F9F77892F90E0880F991F27FDE2
:10D976000196880F991FFC01EE0FFF1FEE0FFF1F88
:10D986008E0F9F1FFC01EC54FA4866837783089537
:10D99600282F982F9F77892F90E0880F991F27FDB2
:10D9A6000196880F991FFC01EE0FFF1FEE0FFF1F58
:10D9B6008E0F9F1FFC01EC54FA48168217820895B9
:10D9C600282F982F9F77892F90E0880F991F27FD82
:10D9D6000196880F991FFC01EE0FFF1FEE0FFF1F28
:10D9E6008E0F9F1FFC01EC54FA48608771870895DB
:10D9F600A2E0B0E0E1E0FDE60C94306C8C014983D6
:10DA06005A83AE014F5F5F4F0E949D5EF8012081F1
:10DA160024FF02C08FEF9FEF2296E4E00C94216D65
:10DA26002A88398848885F846E847D848C849B84A8
:10DA3600AA84B984C884DF80EE80FD800C811B81B6
:10DA4600AA81B981CE0FD11DCDBFDEBFED010895EC
:10DA56002FB7F8948091B9779091BA77A091BB7758
:10DA6600B091BC770196A11DB11D8093B9779093B3
:0EDA7600BA77A093BB77B093BC772FBF08950B
:10DA840080915B78882391F080915978882371F094
:10DA94008091587881110AC080915778811106C00D
:0EDAA40080915678811102C00E94A06F0895F3
:10DAB200052E97FB1EF400940E94D07257FD07D0EA
:10DAC2000E94B66707FC03D04EF40C94D0725095B6
:0EDAD2004095309521953F4F4F4F5F4F08957F
:10DAE0001F93CF93DF93EC01162F43E16DE980E0A4
:10DAF00090E10E943A74188340E06DE980E090E183
:0CDB00000E943A74DF91CF911F910895AC
:10DB0C00CF93DF93C82F0E94566B882351F08C2F34
:10DB1C000E94A85AD82F811105C08C2F0E948A64AC
:0CDB2C0001C0D0E08D2FDF91CF91089553
:10DB3800CF93FC0122813381232B69F48481958161
:10DB48000E947973C82F0E94866D811105C08C2FA1
:0CDB58000E949B6501C082E0CF910895FF
:10DB6400CF93DF9300D0CDB7DEB78CE4898381E017
:10DB74008A8342E050E0BE016F5F7F4F80E10E94E4
:0CDB8400EE720F900F90DF91CF9108958A
:10DB900080916F788F5F8F3F19F080936F7802C00C
:10DBA00010926F780E9478711092AD771092AE77D4
:0ADBB0001092AF771092B07708953D
:10DBBA000F931F93CF93DF93EB016881662341F0A4
:10DBCA008C012196C8010E940D6669916111FACFF4
:0ADBDA00DF91CF911F910F91089584
:10DBE400E0E0F9E083818E7F83831082128281E7F3
:10DBF4008683178210861582148281E0838385834D
:0ADC04001092EF771092F077089568
:10DC0E00FC0142815381248135814217530740F034
:10DC1E0086819781820F931F0197841B950B089520
:0ADC2E00C9010197841B950B0895AE
:10DC3800CF93DF9300D0CDB7DEB78CE489831A8207
:10DC480042E050E0BE016F5F7F4F80E10E94EE72BC
:0ADC58000F900F90DF91CF91089517
:10DC6200FC011082118212821382148215821682A2
:10DC720017821086118612861386148615861686DA
:0ADC82001786108A118A128A08958D
:10DC8C00CF93DF93EC016DE70E940D668F81988531
:10DC9C00181619061CF401978F839887CE010E94E1
:08DCAC005771DF91CF9108953B
:10DCB400CF93DF93EC016DE50E940D668F8198850B
:10DCC400181619061CF401978F839887CE010E94B9
:08DCD4005771DF91CF91089513
:10DCDC008F929F92AF92BF92CF924B015C010E94A8
:10DCEC00A06F4C2DC501B4010E94E860CF90BF908D
:08DCFC00AF909F908F900895F6
:10DD0400FC01228133812F5F3F4F86819781281741
:10DD1400390710F020E030E081E04481558142175A
:08DD2400530709F080E00895A7
:10DD2C00CF93DF9300D0CDB7DEB789836A8342E00F
:10DD3C0050E0BE016F5F7F4F81E10E94EE720F9049
:08DD4C000F90DF91CF910895C3
:10DD5400AA1BBB1B51E107C0AA1FBB1FA617B7070D
:10DD640010F0A61BB70B881F991F5A95A9F7809529
:08DD74009095BC01CD0108955A
:10DD7C0097FB072E16F4009407D077FD09D00E946C
:10DD8C00AA6E07FC05D03EF4909581959F4F08959F
:08DD9C00709561957F4F089519
:10DDA400A0E0B0E0E8EDFEE60C94326C9E01255F45
:10DDB4003F4F49855A856F8178858D819E810E9468
:08DDC400095CE2E00C94236D00
:10DDCC001F93CF93DF93EC018881882341F0162FAA
:10DDDC002196612F0E94955B89918111FACFDF9179
:06DDEC00CF911F91089584
:10DDF2002091D7773091D877FC01208331838091AD
:10DE0200D5779091D677FB01808391838091617859
:06DE1200FA01808308956F
:10DE1800CF93DF930F92CDB7DEB7898321E0AE01B0
:10DE28004F5F5F4F61E086E295E90E9443520F9091
:06DE3800DF91CF91089577
:10DE3E0010923D7810923E78E4E8F7E71082118256
:10DE4E00128213821482158288E086838FE19BE50D
:06DE5E000E94F773089515
:10DE6400CF93DF9300D0CDB7DEB70E94A37389832D
:10DE74009A8362E0CE0101960E94B26A0F900F90DD
:06DE8400DF91CF9108952B
:10DE8A0089E697E70E949D660E948D7480E194E777
:10DE9A000E94ED738BE094E70E94F2730E949D5FEB
:06DEAA00809374780895D6
:10DEB0002FB7F8948091B9779091BA77A091BB77FA
:10DEC000B091BC772FBFBC01CD0160587C4B82491B
:04DED000974C0895CE
:10DED4006115710571F0DC01680F791FE0E4F9E068
:10DEE4009D91948393819923ECF78481A617B707B6
:04DEF400B9F70895DD
:10DEF800DC016115710569F0680F791FE0E4F9E04C
:10DF0800148293819923ECF784818D936A177B0798
:04DF1800B9F70895B8
:10DF1C000F931F93CF93DF93EC018B01CA010E94E7
:10DF2C000174B801CE010E94096CDF91CF911F9151
:04DF3C000F910895A4
:10DF400010925B780E941C6E109251781092B577F7
:10DF50001092B6771092B7771092B87710925A78DD
:02DF6000089522
:10DF62000E94677340E068ED81E090E10E943A749C
:10DF720040E068ED82E090E10E943A741092041051
:02DF8200089500
:10DF8400CF93DF9300D0CDB7DEB719821A8262E057
:10DF9400CE0101960E94B26A0F900F90DF91CF914B
:02DFA4000895DE
:10DFA600CF93DF930F92CDB7DEB70E94207289839D
:10DFB60061E0CE0101960E94B26A0F90DF91CF9187
:02DFC6000895BC
:10DFC8008091747881110AC00E94476280937478A6
:10DFD800811104C00E94E44480937478809174781D
:02DFE80008959A
:10DFEA00092E0394000C11F4882352F0BB0F40F45D
:10DFFA00BF2B11F460FF04C06F5F7F4F8F4F9F4F9D
:02E00A00089577
:10E00C00CF93DF93EC010E94A56B6CE978E9CE010C
:10E01C000E94DD6DCE010E945771DF91CF91089562
:10E02C00DB018F939F930E94AF71BF91AF91A29F21
:10E03C00800D911DA39F900DB29F900D11240895FA
:10E04C00613039F018F0623039F008950E94695E41
:0EE05C0008950E948F5208950E946950089501
:10E06A00FC0120812B3751F4462F01900020E9F75B
:0EE07A003197BF01681B790B0E9406120895B2
:10E08800CF93DF93EC018881882331F021960E9499
:0EE098004F6589918111FBCFDF91CF910895E3
:10E0A600CF93C0E8C093060485E00E94167280E014
:0EE0B6000E941672C09305048170CF910895E8
:10E0C40080914F77811108C090910509937081E088
:0EE0D400913019F480E001C081E08170089560
:10E0E200E0E0F9E083818E7F838383818160838393
:0EE0F20085818160858310924F7780E00895CC
:10E100008CE897E70E94826E811105C0809140994A
:0EE110000E94566B02C081E090E0817008957D
:10E11E00A29FB001B39FC001A39F700D811D11245A
:0EE12E00911DB29F700D811D1124911D089549
:10E13C0080914A78811107C081E090915A789111B1
:0CE14C0003C080E001C081E081700895F4
:10E15800CF93DF93EC010E94466ECE010E94466E7B
:0CE16800CE010E942E74DF91CF9108952B
:10E17400CF93DF93EC010E94466ECE010E94466E5F
:0CE18400CE010E942E74DF91CF9108950F
:10E1900002C00E94DD540E9462708111FACF0E9479
:0CE1A000D97391E0811190E0892F08955F
:10E1AC00FC0122813381232B39F4848195810E94D7
:0CE1BC0079730E94C165089582E0089507
:10E1C800DC01FB019D912191921303C09111FACFBB
:0CE1D800292F892F90E0821B91090895E7
:10E1E400FC01AF014F5F5F4F2081222311F0FA0140
:0CE1F400F8CF9F01281B390BC9010895CA
:10E2000090917178913031F420917078281390E0DA
:0AE21000892F01C080E0817008959D
:10E21A00CF930E948E71C0E8C093060487EC0E94D7
:0AE22A001672C0930504CF91089509
:10E234008EB18091337890913478911105C0E0E0EB
:0AE24400F8E085818062858308956B
:10E24E00823048F4E82FF0E0EF5BF7488081FB0165
:0AE25E00808380E0089587ED0895A5
:10E268008093D1779093D2770E94CE6A81E0809391
:08E278005378109252780895CA
:10E2800040E068ED80E191E00E943A74E0E1F1E065
:08E290001282138280E0089560
:10E298000E94586F21E06115794B8545994608F42D
:06E2A80020E0822F089522
:10E2AE00FC01278130851216130624F4E20FF31FAA
:06E2BE0081E08087089555
:10E2C40080916678811103C00E94E772089581E00D
:06E2D400809365780895B7
:10E2DA00CF93DF93EC010E948F52CE010E946950C6
:06E2EA00DF91CF910895C1
:10E2F0000E9432748111FCCF60916F7882E994E1C1
:06E300000E94706D0895FB
:10E306000F931F9390E00E945A5D81110E94C8707E
:06E316001F910F91089514
:10E31C00CF93C0E8C093060486E00E941672C093A7
:06E32C000504CF910895E5
:10E33200009741F0EFE6F7E13197F1F700C00000F6
:06E342000197C1F70895E8
:10E34800FC0181E0428153812481358142175307C2
:06E3580009F080E00895C9
:10E35E000E948F70A59F900DB49F900DA49F800D6D
:06E36E00911D1124089529
:10E37400EC010E94B2740E94B174CE010E94B37485
:06E38400CE010E94997415
:10E38A00FB01DC01480F591FA417B50719F02191A9
:06E39A002D93FACF089557
:10E3A000B29B04C081E080936604089581E080936D
:04E3B0006504089563
:10E3B4008BE2ECEDF7E9ADE8B6E701900D928A95B2
:04E3C400E1F70895E0
:10E3C80085E3E7E0F8E9A8E2B6E701900D928A95BF
:04E3D800E1F70895CC
:10E3DC0081E094E10E94877491E0843509F090E02B
:04E3EC00892F0895D8
:10E3F0000E9432748111FCCF64E581E094E10E94B7
:04E40000706D08959E
:10E404008091507790915177880F816080930709AC
:04E4140084E0089503
:10E41800E0E4F9E080818E7F808380E3808384EC70
:04E42800818308954F
:10E42C0080934409E0E4F9E083818823ECF7809140
:04E43C0044090895F2
:10E44000E0914378F0914478309711F085810895F8
:04E4500080E00895CB
:10E454006091A9777091AA778091AB779091AC770E
:02E46400089519
:10E466000E94426121E08830974008F020E0822F28
:02E47600089507
:10E4780045E150E06DE774E181E097E70E94385686
:02E488000895F5
:10E48A008091507790915177880F8093070983E0A4
:02E49A000895E3
:10E49C0020912D7830912E7881E0232B09F480E0A7
:02E4AC000895D1
:10E4AE00209133783091347881E0232B09F480E089
:02E4BE000895BF
:10E4C000611106C0ECE8F7E712821382148215820C
:02E4D0000895AD
:10E4D200809173780E94C07280E090E00E94017483
:02E4E20008959B
:10E4E40090917378992319F00E948A4208958EECD2
:02E4F400089589
:10E4F600E0914378F0914478878186FB882780F9FC
:02E50600089576
:10E50800E0914378F0914478878185FB882780F9EA
:02E51800089564
:10E51A00E0E0FCE0828586958170928592FD8260BA
:02E52A00089552
:10E52C00E0E0FCE080818F77808383818078838337
:02E53C00089540
:10E53E009C01215631092A31310510F48F75992726
:02E54E0008952E
:10E55000E0E0F6E0938590788F77892B83870895A4
:10E56000E0E0F6E09581987F8770892B8583089598
:10E570008093737889E692E70E94017480E00895A1
:10E58000E0E0FCE0938190788F77892B8383089576
:10E590009C01215431092A31310508F48062089523
:10E5A00090958095709561957F4F8F4F9F4F0895FF
:10E5B000B7FF0C94AF710E94AF71821B930B08954B
:0EE5C00081E090915A78911101C080E0089599
:0EE5CE0080E28093A50481E080936578089533
:0EE5DC0090E00E945E6081110E94C870089558
:0EE5EA0081E090917178913009F080E0089501
:0EE5F800E0E0F6E08285887F816082870895EA
:0EE6060060910C0670910D0680E090E0089582
:0EE6140010924F7781E08093050988E0089509
:0EE62200E0E0FCE0108611860E943674089538
:0EE630000E94966A811102C00E949D5F0895AB
:0EE63E00E0E0FCE082E0828784E082870895BD
:0EE64C005058BB27AA270E94F0490C94F56F86
:0EE65A000E942F606894B1110C9443730895D0
:0EE6680000240A9416161706180609060895CF
:0EE6760000240A9412161306140605060895D1
:0EE68400E894BB2766277727CB0197F9089506
:0CE692000E942B6D81E080934878089571
:0CE69E00CF924C2D0E94A734CF9008951D
:0CE6AA00CF924C2D0E946F44CF90089539
:0CE6B60080E28093A6041092657808951D
:0CE6C20080EC809305090E94717008959F
:0CE6CE00E0E0F0E186818F7886830895FB
:0CE6DA00BC0184E997E70E945B6808958A
:0CE6E600682F8CE897E70E947469089583
:0CE6F20087FB992790F990FB87F90895A9
:0CE6FE0080910A0C881F8827881F08954F
:0CE70A0080910A0C86FB882780F9089596
:0CE7160080910A0C85FB882780F908958B
:0CE7220080910A0C83FB882780F9089581
:0CE72E00E0E0FCE08181816081830895BF
:0CE73A00E0E0FCE081818E7F8183089587
:0CE74600809126769091277697700895B8
:0CE7520080910B0C85FB882780F908954E
:0CE75E0097F99F6780E870E060E0089584
:0CE76A00EE0FFF1F0590F491E02D0994C4
:0AE7760083E797E70E94543E0895E0
:0AE78000FC01968181E089270895CD
:0AE78A0086B385FB882780F9089507
:0AE794008091627810926278089577
:0AE79E008093E1779093E2770895ED
:0AE7A80080910806809581700895A5
:0AE7B200EFE4F7E78485148608956C
:0AE7BC0080930F7890931078089571
:0AE7C6008093FD779093FE7708958D
:0AE7D000809317789093187808954D
:0AE7DA0080933B7890933C780895FB
:0AE7E4008093397890933A780895F5
:0AE7EE0080931E7790931F77089523
:0AE7F80080910A0C8295817008954B
:0AE802008093137590931475089528
:0AE80C0080930F7590931075089526
:0AE816000E94E44480937478089592
:0AE820000E94476280937478089507
:0AE82A0086E88093B00080E00895B6
:0AE8340060E089E20E94966E0895EC
:0AE83E0062E08CE60E94966E0895D9
:0AE848000E94C16608F481E0089503
:0AE852000E94C16608F48FEF0895DC
:08E85C006AE00E940D660895B8
:08E864008091061081700895F7
:08E86C008EEF8093060F089562
:08E87400FC0164BF408308951C
:08E87C0083E280930B0C089568
:08E884008EEF80930A0C089549
:08E88C0080910B0C81700895CE
:08E8940080E880930A0C08954E
:08E89C0080E180930A0C08954D
:08E8A40080E480930A0C089542
:08E8AC0080E280930A0C08953C
:08E8B40088E080930A0C08952E
:08E8BC000E9437460C94F56F31
:08E8C4000E947D470C94F56FE2
:06E8CC008091C77408955D
:06E8D200809158780895C2
:06E8D800809159780895BB
:06E8DE0080915B780895B3
:06E8E400809156780895B2
:06E8EA000E941F74089556
:06E8F0000E94955B0895F3
:06E8F60080916478089592
:06E8FC000E94DA68089595
:06E902000E94F96808956F
:06E908000E941A68089548
:06E90E00FC018081089568
:06E914001092060F0895A9
:06E91A000E941F6F08952A
:06E920009FEF80EC08955A
:04E926000C94000548
:04E92A0081E00895EB
:04E92E0081E00895E7
:04E932000E949F069A
:02E93600089542
:02E93800089540
:02E93A0008953E
:02E93C0008953C
:02E93E0008953A
:02E94000089538
:02E94200089536
:02E94400089534
:02E94600089532
:02E94800089530
:02E94A0008952E
:02E94C0008952C
:02E94E0008952A
:02E95000089528
:02E95200089526
:02E95400089524
:02E95600089522
:02E95800089520
:02E95A0008951E
:02E95C0008951C
:02E95E0008951A
:02E96000089518
:02E96200089516
:02E96400089514
:02E96600089512
:10E96800000000000000000000000000000000009F
:10E97800000000000000000000000000000000008F
:10E98800000000000000000000000000000000007F
:10E99800000000000000000000000000000000006F
:10E9A80000C8740000000000000000000000000023
:06E9B80000000000000059
:10E9BE0034034D006900630072006F00630068004D
:10E9CE0069007000200054006500630068006E004E
:10E9DE006F006C006F0067007900200049006E0028
:10E9EE0063002E001E03430044004300200043003A
:10E9FE006C006100730073002000440065006D0020
:06EA0E006F00040331005B
:10EA14000902300002010080010904000001020221
:10EA240000000705810340000109040100020A00F7
:10EA340000000705820240000007050202400000B2
:10EA440068076C094C836A9074A07AC00080688857
:06EA540000846C820081C9
:10EA5A001201000202000040D804150B1001010245
:02EA6A000301A6
:0CEA6C001F1E1F1E1F1F1E1F1E1F1F1D30
:0AEA78003D775D760000C9771E753A
:08EA82000B6A00000000000215
:08EA8A00477400000000800049
:07EA9200286E756C6C290071
:06EA9900286E696C2900E3
:04EA9F00040309045F
:04EAA300474D540087
:02EAA7009001DC
:02EAA9004274B5
:02EAAB003E74B7
:01EAAD00FF69
:01EAAE00FF68
:01EAAF000165
:01EAB0000E57
:01EAB1000163
:02000004008278
:0C0000000000000000D90800050003000B
:0400000300000A00EF
:00000001FF
